Both site together,,,,,,,,,> #Only Shikmona,,,,,,,Onlt Bat Galim
"temp_lm_shannon=lm(Shannon~Tempgroup, data=bothalpha1B)",,,,,,,,,> Only_Shikmonaalpha1 <- metadataalpha1 %>%,,,,,,,Call:
> summary(temp_lm_shannon),,,,,,,,,"+   filter(!(Site %in% c(""Bat galim"")))",,,,,,,"lm(formula = Shannon ~ Tempgroup, data = Only_batgalimalpha1)"
,,,,,,,,,"> temp_lm_shannon=lm(Shannon~Tempgroup, data=Only_Shikmonaalpha1)",,,,,,,
Call:,,,,,,,,,> summary(temp_lm_shannon),,,,,,,Residuals:
"lm(formula = Shannon ~ Tempgroup, data = bothalpha1B)",,,,,,,,,,,,,,,,    Min      1Q  Median      3Q     Max 
,,,,,,,,,Call:,,,,,,,-1.9417 -0.5887  0.1957  0.5786  1.0791 
Residuals:,,,,,,,,,"lm(formula = Shannon ~ Tempgroup, data = Only_Shikmonaalpha1)",,,,,,,
     Min       1Q   Median       3Q      Max ,,,,,,,,,,,,,,,,Coefficients:
-0.92043 -0.43370  0.05141  0.22130  1.85349 ,,,,,,,,,Residuals:,,,,,,,              Estimate Std. Error t value Pr(>|t|)    
,,,,,,,,,    Min      1Q  Median      3Q     Max ,,,,,,,(Intercept)    4.08002    0.21902  18.628   <2e-16 ***
Coefficients:,,,,,,,,,-1.5204 -0.6385  0.1583  0.5905  0.9845 ,,,,,,,Tempgroupmild  0.04200    0.30373   0.138    0.891    
              Estimate Std. Error t value Pr(>|t|)    ,,,,,,,,,,,,,,,,Tempgroupwarm -0.06796    0.25915  -0.262    0.794    
(Intercept)     4.5377     0.2815  16.119 9.83e-12 ***,,,,,,,,,Coefficients:,,,,,,,---
Tempgroupmild  -0.6478     0.3981  -1.627  0.12210    ,,,,,,,,,              Estimate Std. Error t value Pr(>|t|)    ,,,,,,,Signif. codes:  0 ‘***’ 0.001 ‘**’ 0.01 ‘*’ 0.05 ‘.’ 0.1 ‘ ’ 1
Tempgroupwarm  -1.2319     0.3448  -3.573  0.00234 ** ,,,,,,,,,(Intercept)     4.4169     0.1724  25.625   <2e-16 ***,,,,,,,
---,,,,,,,,,Tempgroupmild  -0.2983     0.2438  -1.224    0.226    ,,,,,,,Residual standard error: 0.7587 on 52 degrees of freedom
Signif. codes:  0 ‘***’ 0.001 ‘**’ 0.01 ‘*’ 0.05 ‘.’ 0.1 ‘ ’ 1,,,,,,,,,Tempgroupwarm  -0.1765     0.2180  -0.810    0.421    ,,,,,,,"Multiple R-squared:  0.004025,  Adjusted R-squared:  -0.03428 "
,,,,,,,,,---,,,,,,,"F-statistic: 0.1051 on 2 and 52 DF,  p-value: 0.9004"
Residual standard error: 0.6295 on 17 degrees of freedom,,,,,,,,,Signif. codes:  0 ‘***’ 0.001 ‘**’ 0.01 ‘*’ 0.05 ‘.’ 0.1 ‘ ’ 1,,,,,,,
"Multiple R-squared:  0.4343,    Adjusted R-squared:  0.3677 ",,,,,,,,,,,,,,,,"> temp_lm_simpson=lm(Simpson~Tempgroup, data=Only_Batglimaalpha1D)"
"F-statistic: 6.525 on 2 and 17 DF,  p-value: 0.007891",,,,,,,,,Residual standard error: 0.7313 on 63 degrees of freedom,,,,,,,"Error in eval(mf, parent.frame()) : "
,,,,,,,,,"Multiple R-squared:  0.02357,   Adjusted R-squared:  -0.007428 ",,,,,,,  object 'Only_Batglimaalpha1D' not found
"> temp_lm_simpson=lm(Simpson~Tempgroup, data=bothalpha1B)",,,,,,,,,"F-statistic: 0.7604 on 2 and 63 DF,  p-value: 0.4717",,,,,,,> summary(temp_lm_simpson)
> summary(temp_lm_simpson),,,,,,,,,,,,,,,,
,,,,,,,,,"> temp_lm_simpson=lm(Simpson~Tempgroup, data=Only_Shikmonaalpha1)",,,,,,,Call:
Call:,,,,,,,,,> summary(temp_lm_simpson),,,,,,,"lm(formula = Simpson ~ Tempgroup, data = Only_batgalimalpha1)"
"lm(formula = Simpson ~ Tempgroup, data = bothalpha1B)",,,,,,,,,,,,,,,,
,,,,,,,,,Call:,,,,,,,Residuals:
Residuals:,,,,,,,,,"lm(formula = Simpson ~ Tempgroup, data = Only_Shikmonaalpha1)",,,,,,,     Min       1Q   Median       3Q      Max 
      Min        1Q    Median        3Q       Max ,,,,,,,,,,,,,,,,-0.23103 -0.04249  0.02405  0.05191  0.08703 
-0.092058 -0.033247  0.006525  0.027263  0.127202 ,,,,,,,,,Residuals:,,,,,,,
,,,,,,,,,     Min       1Q   Median       3Q      Max ,,,,,,,Coefficients:
Coefficients:,,,,,,,,,-0.13720 -0.04823  0.02385  0.04919  0.06708 ,,,,,,,              Estimate Std. Error t value Pr(>|t|)    
              Estimate Std. Error t value Pr(>|t|)    ,,,,,,,,,,,,,,,,(Intercept)    0.89810    0.02016  44.554   <2e-16 ***
(Intercept)    0.94851    0.02200  43.115  < 2e-16 ***,,,,,,,,,Coefficients:,,,,,,,Tempgroupmild  0.01636    0.02795   0.585    0.561    
Tempgroupmild -0.05562    0.03111  -1.788  0.09164 .  ,,,,,,,,,              Estimate Std. Error t value Pr(>|t|)    ,,,,,,,Tempgroupwarm  0.01622    0.02385   0.680    0.499    
Tempgroupwarm -0.09564    0.02694  -3.549  0.00246 ** ,,,,,,,,,(Intercept)    0.93361    0.01450  64.388   <2e-16 ***,,,,,,,---
---,,,,,,,,,Tempgroupmild -0.02130    0.02051  -1.039    0.303    ,,,,,,,Signif. codes:  0 ‘***’ 0.001 ‘**’ 0.01 ‘*’ 0.05 ‘.’ 0.1 ‘ ’ 1
Signif. codes:  0 ‘***’ 0.001 ‘**’ 0.01 ‘*’ 0.05 ‘.’ 0.1 ‘ ’ 1,,,,,,,,,Tempgroupwarm -0.01352    0.01834  -0.737    0.464    ,,,,,,,
,,,,,,,,,---,,,,,,,Residual standard error: 0.06983 on 52 degrees of freedom
Residual standard error: 0.04919 on 17 degrees of freedom,,,,,,,,,Signif. codes:  0 ‘***’ 0.001 ‘**’ 0.01 ‘*’ 0.05 ‘.’ 0.1 ‘ ’ 1,,,,,,,"Multiple R-squared:  0.009693,  Adjusted R-squared:  -0.0284 "
"Multiple R-squared:  0.4276,    Adjusted R-squared:  0.3603 ",,,,,,,,,,,,,,,,"F-statistic: 0.2545 on 2 and 52 DF,  p-value: 0.7763"
"F-statistic: 6.351 on 2 and 17 DF,  p-value: 0.008714",,,,,,,,,Residual standard error: 0.06152 on 63 degrees of freedom,,,,,,,
,,,,,,,,,"Multiple R-squared:  0.01739,   Adjusted R-squared:  -0.01381 ",,,,,,,"> temp_lm_Sobs=lm(Sobs~Tempgroup, data=Only_Batglimaalpha1D)"
"> temp_lm_Sobs=lm(Sobs~Tempgroup, data=bothalpha1B)",,,,,,,,,"F-statistic: 0.5574 on 2 and 63 DF,  p-value: 0.5755",,,,,,,"Error in eval(mf, parent.frame()) : "
> summary(temp_lm_Sobs),,,,,,,,,,,,,,,,  object 'Only_Batglimaalpha1D' not found
,,,,,,,,,"> temp_lm_Sobs=lm(Sobs~Tempgroup, data=Only_Shikmonaalpha1)",,,,,,,> summary(temp_lm_Sobs)
Call:,,,,,,,,,> summary(temp_lm_Sobs),,,,,,,
"lm(formula = Sobs ~ Tempgroup, data = bothalpha1B)",,,,,,,,,,,,,,,,Call:
,,,,,,,,,Call:,,,,,,,"lm(formula = Sobs ~ Tempgroup, data = Only_batgalimalpha1)"
Residuals:,,,,,,,,,"lm(formula = Sobs ~ Tempgroup, data = Only_Shikmonaalpha1)",,,,,,,
    Min      1Q  Median      3Q     Max ,,,,,,,,,,,,,,,,Residuals:
-152.30  -73.40   -7.95   53.77  244.70 ,,,,,,,,,Residuals:,,,,,,,     Min       1Q   Median       3Q      Max 
,,,,,,,,,   Min     1Q Median     3Q    Max ,,,,,,,-292.333  -69.577    9.846   82.846  168.846 
Coefficients:,,,,,,,,,-214.2  -66.6   14.4   70.3  159.8 ,,,,,,,
              Estimate Std. Error t value Pr(>|t|)    ,,,,,,,,,,,,,,,,Coefficients:
(Intercept)    2694.00      44.56  60.451  < 2e-16 ***,,,,,,,,,Coefficients:,,,,,,,              Estimate Std. Error t value Pr(>|t|)    
Tempgroupmild  -130.40      63.02  -2.069  0.05410 .  ,,,,,,,,,              Estimate Std. Error t value Pr(>|t|)    ,,,,,,,(Intercept)   2559.333     32.064  79.819   <2e-16 ***
Tempgroupwarm  -214.70      54.58  -3.934  0.00107 ** ,,,,,,,,,(Intercept)    2612.00      22.99 113.632   <2e-16 ***,,,,,,,Tempgroupmild   14.821     44.465   0.333    0.740    
---,,,,,,,,,Tempgroupmild   -54.61      32.51  -1.680   0.0979 .  ,,,,,,,Tempgroupwarm   -5.333     37.939  -0.141    0.889    
Signif. codes:  0 ‘***’ 0.001 ‘**’ 0.01 ‘*’ 0.05 ‘.’ 0.1 ‘ ’ 1,,,,,,,,,Tempgroupwarm   -47.80      29.08  -1.644   0.1052    ,,,,,,,---
,,,,,,,,,---,,,,,,,Signif. codes:  0 ‘***’ 0.001 ‘**’ 0.01 ‘*’ 0.05 ‘.’ 0.1 ‘ ’ 1
Residual standard error: 99.65 on 17 degrees of freedom,,,,,,,,,Signif. codes:  0 ‘***’ 0.001 ‘**’ 0.01 ‘*’ 0.05 ‘.’ 0.1 ‘ ’ 1,,,,,,,
"Multiple R-squared:  0.4775,    Adjusted R-squared:  0.416 ",,,,,,,,,,,,,,,,Residual standard error: 111.1 on 52 degrees of freedom
"F-statistic: 7.767 on 2 and 17 DF,  p-value: 0.004017",,,,,,,,,Residual standard error: 97.52 on 63 degrees of freedom,,,,,,,"Multiple R-squared:  0.005718,  Adjusted R-squared:  -0.03252 "
,,,,,,,,,"Multiple R-squared:  0.05327,   Adjusted R-squared:  0.02322 ",,,,,,,"F-statistic: 0.1495 on 2 and 52 DF,  p-value: 0.8615"
> #OnlyD,,,,,,,,,"F-statistic: 1.772 on 2 and 63 DF,  p-value: 0.1783",,,,,,,
> bothalpha1D <- metadataalpha1 %>%,,,,,,,,,,,,,,,,> #OnlyF
"+   filter(!typefraction %in% c(""Crude"", ""H`"",""B`"", ""I`"", ""F`""))",,,,,,,,,> #OnlyB,,,,,,,> Only_Batglimaalpha1F <- Only_Batglimaalpha1 %>%
"> temp_lm_shannon=lm(Shannon~Tempgroup, data=bothalpha1D)",,,,,,,,,> Only_Shikmonaalpha1B <- Only_Shikmonaalpha1 %>%,,,,,,,"+   filter(!typefraction %in% c(""Crude"", ""H`"",""D`"", ""I`"", ""B`""))"
> summary(temp_lm_shannon),,,,,,,,,"+   filter(!typefraction %in% c(""Crude"", ""H`"",""D`"", ""I`"", ""F`""))",,,,,,,Error: object 'Only_Batglimaalpha1' not found
,,,,,,,,,"> temp_lm_shannon=lm(Shannon~Tempgroup, data=Only_Shikmonaalpha1B)",,,,,,,"> temp_lm_shannon=lm(Shannon~Tempgroup, data=Only_Batglimaalpha1F)"
Call:,,,,,,,,,> summary(temp_lm_shannon),,,,,,,"Error in eval(mf, parent.frame()) : "
"lm(formula = Shannon ~ Tempgroup, data = bothalpha1D)",,,,,,,,,,,,,,,,  object 'Only_Batglimaalpha1F' not found
,,,,,,,,,Call:,,,,,,,> summary(temp_lm_shannon)
Residuals:,,,,,,,,,"lm(formula = Shannon ~ Tempgroup, data = Only_Shikmonaalpha1B)",,,,,,,
     Min       1Q   Median       3Q      Max ,,,,,,,,,,,,,,,,Call:
-0.91785 -0.42955  0.05931  0.43044  0.81010 ,,,,,,,,,Residuals:,,,,,,,"lm(formula = Shannon ~ Tempgroup, data = Only_batgalimalpha1)"
,,,,,,,,,     Min       1Q   Median       3Q      Max ,,,,,,,
Coefficients:,,,,,,,,,-0.81810 -0.29375 -0.06921  0.20544  1.62136 ,,,,,,,Residuals:
              Estimate Std. Error t value Pr(>|t|)    ,,,,,,,,,,,,,,,,    Min      1Q  Median      3Q     Max 
(Intercept)     3.0562     0.2334  13.096 2.61e-10 ***,,,,,,,,,Coefficients:,,,,,,,-1.9417 -0.5887  0.1957  0.5786  1.0791 
Tempgroupmild   0.3330     0.3300   1.009   0.3271    ,,,,,,,,,              Estimate Std. Error t value Pr(>|t|)    ,,,,,,,
Tempgroupwarm   0.7447     0.2858   2.605   0.0185 *  ,,,,,,,,,(Intercept)     4.6954     0.4175  11.245 3.51e-06 ***,,,,,,,Coefficients:
---,,,,,,,,,Tempgroupmild  -0.8259     0.5905  -1.399   0.1995    ,,,,,,,              Estimate Std. Error t value Pr(>|t|)    
Signif. codes:  0 ‘***’ 0.001 ‘**’ 0.01 ‘*’ 0.05 ‘.’ 0.1 ‘ ’ 1,,,,,,,,,Tempgroupwarm  -1.1574     0.5282  -2.191   0.0598 .  ,,,,,,,(Intercept)    4.08002    0.21902  18.628   <2e-16 ***
,,,,,,,,,---,,,,,,,Tempgroupmild  0.04200    0.30373   0.138    0.891    
Residual standard error: 0.5218 on 17 degrees of freedom,,,,,,,,,Signif. codes:  0 ‘***’ 0.001 ‘**’ 0.01 ‘*’ 0.05 ‘.’ 0.1 ‘ ’ 1,,,,,,,Tempgroupwarm -0.06796    0.25915  -0.262    0.794    
"Multiple R-squared:  0.2962,    Adjusted R-squared:  0.2134 ",,,,,,,,,,,,,,,,---
"F-statistic: 3.578 on 2 and 17 DF,  p-value: 0.05048",,,,,,,,,Residual standard error: 0.7232 on 8 degrees of freedom,,,,,,,Signif. codes:  0 ‘***’ 0.001 ‘**’ 0.01 ‘*’ 0.05 ‘.’ 0.1 ‘ ’ 1
,,,,,,,,,"Multiple R-squared:  0.3772,    Adjusted R-squared:  0.2215 ",,,,,,,
"> temp_lm_simpson=lm(Simpson~Tempgroup, data=bothalpha1D)",,,,,,,,,"F-statistic: 2.423 on 2 and 8 DF,  p-value: 0.1504",,,,,,,Residual standard error: 0.7587 on 52 degrees of freedom
> summary(temp_lm_simpson),,,,,,,,,,,,,,,,"Multiple R-squared:  0.004025,  Adjusted R-squared:  -0.03428 "
,,,,,,,,,"> temp_lm_simpson=lm(Simpson~Tempgroup, data=Only_Shikmonaalpha1B)",,,,,,,"F-statistic: 0.1051 on 2 and 52 DF,  p-value: 0.9004"
Call:,,,,,,,,,> summary(temp_lm_simpson),,,,,,,
"lm(formula = Simpson ~ Tempgroup, data = bothalpha1D)",,,,,,,,,,,,,,,,"> temp_lm_simpson=lm(Simpson~Tempgroup, data=Only_Batglimaalpha1F)"
,,,,,,,,,Call:,,,,,,,"Error in eval(mf, parent.frame()) : "
Residuals:,,,,,,,,,"lm(formula = Simpson ~ Tempgroup, data = Only_Shikmonaalpha1B)",,,,,,,  object 'Only_Batglimaalpha1F' not found
      Min        1Q    Median        3Q       Max ,,,,,,,,,,,,,,,,> #OnlyF
-0.129639 -0.031944  0.009039  0.026613  0.097561 ,,,,,,,,,Residuals:,,,,,,,> Only_Batglimaalpha1F <- Only_Batglimaalpha1 %>%
,,,,,,,,,      Min        1Q    Median        3Q       Max ,,,,,,,"+   filter(!typefraction %in% c(""Crude"", ""H`"",""D`"", ""I`"", ""B`""))"
Coefficients:,,,,,,,,,-0.057487 -0.024284 -0.005006  0.016513  0.114911 ,,,,,,,Error: object 'Only_Batglimaalpha1' not found
              Estimate Std. Error t value Pr(>|t|)    ,,,,,,,,,,,,,,,,> #Only Bat Galim
(Intercept)    0.79670    0.02491  31.987  < 2e-16 ***,,,,,,,,,Coefficients:,,,,,,,> Only_batgalimalpha1 <- metadataalpha1 %>%
Tempgroupmild  0.05202    0.03522   1.477  0.15797    ,,,,,,,,,              Estimate Std. Error t value Pr(>|t|)    ,,,,,,,"+   filter(!(Site %in% c(""Shikmona"")))"
Tempgroupwarm  0.09156    0.03050   3.002  0.00803 ** ,,,,,,,,,(Intercept)    0.96364    0.03015  31.958    1e-09 ***,,,,,,,"> temp_lm_shannon=lm(Shannon~Tempgroup, data=Only_batgalimalpha1)"
---,,,,,,,,,Tempgroupmild -0.07521    0.04264  -1.764   0.1158    ,,,,,,,> summary(temp_lm_shannon)
Signif. codes:  0 ‘***’ 0.001 ‘**’ 0.01 ‘*’ 0.05 ‘.’ 0.1 ‘ ’ 1,,,,,,,,,Tempgroupwarm -0.09848    0.03814  -2.582   0.0325 *  ,,,,,,,
,,,,,,,,,---,,,,,,,Call:
Residual standard error: 0.05569 on 17 degrees of freedom,,,,,,,,,Signif. codes:  0 ‘***’ 0.001 ‘**’ 0.01 ‘*’ 0.05 ‘.’ 0.1 ‘ ’ 1,,,,,,,"lm(formula = Shannon ~ Tempgroup, data = Only_batgalimalpha1)"
"Multiple R-squared:  0.3489,    Adjusted R-squared:  0.2723 ",,,,,,,,,,,,,,,,
"F-statistic: 4.554 on 2 and 17 DF,  p-value: 0.02607",,,,,,,,,Residual standard error: 0.05223 on 8 degrees of freedom,,,,,,,Residuals:
,,,,,,,,,"Multiple R-squared:   0.46,     Adjusted R-squared:  0.325 ",,,,,,,    Min      1Q  Median      3Q     Max 
"> temp_lm_Sobs=lm(Sobs~Tempgroup, data=bothalpha1D)",,,,,,,,,"F-statistic: 3.408 on 2 and 8 DF,  p-value: 0.08502",,,,,,,-1.9417 -0.5887  0.1957  0.5786  1.0791 
> summary(temp_lm_Sobs),,,,,,,,,,,,,,,,
,,,,,,,,,"> temp_lm_Sobs=lm(Sobs~Tempgroup, data=Only_Shikmonaalpha1B)",,,,,,,Coefficients:
Call:,,,,,,,,,> summary(temp_lm_Sobs),,,,,,,              Estimate Std. Error t value Pr(>|t|)    
"lm(formula = Sobs ~ Tempgroup, data = bothalpha1D)",,,,,,,,,,,,,,,,(Intercept)    4.08002    0.21902  18.628   <2e-16 ***
,,,,,,,,,Call:,,,,,,,Tempgroupmild  0.04200    0.30373   0.138    0.891    
Residuals:,,,,,,,,,"lm(formula = Sobs ~ Tempgroup, data = Only_Shikmonaalpha1B)",,,,,,,Tempgroupwarm -0.06796    0.25915  -0.262    0.794    
    Min      1Q  Median      3Q     Max ,,,,,,,,,,,,,,,,---
-116.40  -61.48  -30.65   28.52  194.50 ,,,,,,,,,Residuals:,,,,,,,Signif. codes:  0 ‘***’ 0.001 ‘**’ 0.01 ‘*’ 0.05 ‘.’ 0.1 ‘ ’ 1
,,,,,,,,,    Min      1Q  Median      3Q     Max ,,,,,,,
Coefficients:,,,,,,,,,-138.60  -66.63  -16.33   44.53  235.40 ,,,,,,,Residual standard error: 0.7587 on 52 degrees of freedom
              Estimate Std. Error t value Pr(>|t|)    ,,,,,,,,,,,,,,,,"Multiple R-squared:  0.004025,  Adjusted R-squared:  -0.03428 "
(Intercept)    2531.80      45.03  56.225   <2e-16 ***,,,,,,,,,Coefficients:,,,,,,,"F-statistic: 0.1051 on 2 and 52 DF,  p-value: 0.9004"
Tempgroupmild   -50.40      63.68  -0.791     0.44    ,,,,,,,,,              Estimate Std. Error t value Pr(>|t|)    ,,,,,,,
Tempgroupwarm   -11.30      55.15  -0.205     0.84    ,,,,,,,,,(Intercept)    2709.33      67.21  40.309 1.58e-10 ***,,,,,,,"> temp_lm_simpson=lm(Simpson~Tempgroup, data=Only_batgalimalpha1)"
---,,,,,,,,,Tempgroupmild  -126.67      95.05  -1.333   0.2194    ,,,,,,,> summary(temp_lm_simpson)
Signif. codes:  0 ‘***’ 0.001 ‘**’ 0.01 ‘*’ 0.05 ‘.’ 0.1 ‘ ’ 1,,,,,,,,,Tempgroupwarm  -220.73      85.02  -2.596   0.0318 *  ,,,,,,,
,,,,,,,,,---,,,,,,,Call:
Residual standard error: 100.7 on 17 degrees of freedom,,,,,,,,,Signif. codes:  0 ‘***’ 0.001 ‘**’ 0.01 ‘*’ 0.05 ‘.’ 0.1 ‘ ’ 1,,,,,,,"lm(formula = Simpson ~ Tempgroup, data = Only_batgalimalpha1)"
"Multiple R-squared:  0.04072,   Adjusted R-squared:  -0.07213 ",,,,,,,,,,,,,,,,
"F-statistic: 0.3608 on 2 and 17 DF,  p-value: 0.7023",,,,,,,,,Residual standard error: 116.4 on 8 degrees of freedom,,,,,,,Residuals:
,,,,,,,,,"Multiple R-squared:  0.458,     Adjusted R-squared:  0.3225 ",,,,,,,     Min       1Q   Median       3Q      Max 
> #OnlyF,,,,,,,,,"F-statistic: 3.381 on 2 and 8 DF,  p-value: 0.08627",,,,,,,-0.23103 -0.04249  0.02405  0.05191  0.08703 
> bothalpha1F <- metadataalpha1 %>%,,,,,,,,,,,,,,,,
"+   filter(!typefraction %in% c(""Crude"", ""H`"",""D`"", ""I`"", ""B`""))",,,,,,,,,> #OnlyD,,,,,,,Coefficients:
"> temp_lm_shannon=lm(Shannon~Tempgroup, data=bothalpha1F)",,,,,,,,,> Only_Shikmonaalpha1D <- Only_Shikmonaalpha1 %>%,,,,,,,              Estimate Std. Error t value Pr(>|t|)    
> summary(temp_lm_shannon),,,,,,,,,"+   filter(!typefraction %in% c(""Crude"", ""H`"",""B`"", ""I`"", ""F`""))",,,,,,,(Intercept)    0.89810    0.02016  44.554   <2e-16 ***
,,,,,,,,,"> temp_lm_shannon=lm(Shannon~Tempgroup, data=Only_Shikmonaalpha1D)",,,,,,,Tempgroupmild  0.01636    0.02795   0.585    0.561    
Call:,,,,,,,,,> summary(temp_lm_shannon),,,,,,,Tempgroupwarm  0.01622    0.02385   0.680    0.499    
"lm(formula = Shannon ~ Tempgroup, data = bothalpha1F)",,,,,,,,,,,,,,,,---
,,,,,,,,,Call:,,,,,,,Signif. codes:  0 ‘***’ 0.001 ‘**’ 0.01 ‘*’ 0.05 ‘.’ 0.1 ‘ ’ 1
Residuals:,,,,,,,,,"lm(formula = Shannon ~ Tempgroup, data = Only_Shikmonaalpha1D)",,,,,,,
     Min       1Q   Median       3Q      Max ,,,,,,,,,,,,,,,,Residual standard error: 0.06983 on 52 degrees of freedom
-0.75952 -0.34793 -0.00467  0.19423  0.94558 ,,,,,,,,,Residuals:,,,,,,,"Multiple R-squared:  0.009693,  Adjusted R-squared:  -0.0284 "
,,,,,,,,,    Min      1Q  Median      3Q     Max ,,,,,,,"F-statistic: 0.2545 on 2 and 52 DF,  p-value: 0.7763"
Coefficients:,,,,,,,,,-0.5300 -0.2593  0.1001  0.1836  0.4495 ,,,,,,,
              Estimate Std. Error t value Pr(>|t|)    ,,,,,,,,,,,,,,,,"> temp_lm_Sobs=lm(Sobs~Tempgroup, data=Only_batgalimalpha1)"
(Intercept)    3.46255    0.22066  15.691 1.51e-11 ***,,,,,,,,,Coefficients:,,,,,,,> summary(temp_lm_Sobs)
Tempgroupmild  0.01901    0.31207   0.061    0.952    ,,,,,,,,,              Estimate Std. Error t value Pr(>|t|)    ,,,,,,,
Tempgroupwarm  0.28294    0.27026   1.047    0.310    ,,,,,,,,,(Intercept)     3.5745     0.1991  17.953  9.5e-08 ***,,,,,,,Call:
---,,,,,,,,,Tempgroupmild  -0.3063     0.2816  -1.088    0.308    ,,,,,,,"lm(formula = Sobs ~ Tempgroup, data = Only_batgalimalpha1)"
Signif. codes:  0 ‘***’ 0.001 ‘**’ 0.01 ‘*’ 0.05 ‘.’ 0.1 ‘ ’ 1,,,,,,,,,Tempgroupwarm   0.1786     0.2518   0.709    0.498    ,,,,,,,
,,,,,,,,,---,,,,,,,Residuals:
Residual standard error: 0.4934 on 17 degrees of freedom,,,,,,,,,Signif. codes:  0 ‘***’ 0.001 ‘**’ 0.01 ‘*’ 0.05 ‘.’ 0.1 ‘ ’ 1,,,,,,,     Min       1Q   Median       3Q      Max 
"Multiple R-squared:  0.08302,   Adjusted R-squared:  -0.02486 ",,,,,,,,,,,,,,,,-292.333  -69.577    9.846   82.846  168.846 
"F-statistic: 0.7696 on 2 and 17 DF,  p-value: 0.4787",,,,,,,,,Residual standard error: 0.3448 on 8 degrees of freedom,,,,,,,
,,,,,,,,,"Multiple R-squared:  0.3167,    Adjusted R-squared:  0.1458 ",,,,,,,Coefficients:
"> temp_lm_simpson=lm(Simpson~Tempgroup, data=bothalpha1F)",,,,,,,,,"F-statistic: 1.854 on 2 and 8 DF,  p-value: 0.218",,,,,,,              Estimate Std. Error t value Pr(>|t|)    
> summary(temp_lm_simpson),,,,,,,,,,,,,,,,(Intercept)   2559.333     32.064  79.819   <2e-16 ***
,,,,,,,,,"> temp_lm_simpson=lm(Simpson~Tempgroup, data=Only_Shikmonaalpha1D)",,,,,,,Tempgroupmild   14.821     44.465   0.333    0.740    
Call:,,,,,,,,,> summary(temp_lm_simpson),,,,,,,Tempgroupwarm   -5.333     37.939  -0.141    0.889    
"lm(formula = Simpson ~ Tempgroup, data = bothalpha1F)",,,,,,,,,,,,,,,,---
,,,,,,,,,Call:,,,,,,,Signif. codes:  0 ‘***’ 0.001 ‘**’ 0.01 ‘*’ 0.05 ‘.’ 0.1 ‘ ’ 1
Residuals:,,,,,,,,,"lm(formula = Simpson ~ Tempgroup, data = Only_Shikmonaalpha1D)",,,,,,,
      Min        1Q    Median        3Q       Max ,,,,,,,,,,,,,,,,Residual standard error: 111.1 on 52 degrees of freedom
-0.073426 -0.034375  0.006126  0.022398  0.082913 ,,,,,,,,,Residuals:,,,,,,,"Multiple R-squared:  0.005718,  Adjusted R-squared:  -0.03252 "
,,,,,,,,,     Min       1Q   Median       3Q      Max ,,,,,,,"F-statistic: 0.1495 on 2 and 52 DF,  p-value: 0.8615"
Coefficients:,,,,,,,,,-0.05066 -0.02018  0.01102  0.02123  0.03690 ,,,,,,,
              Estimate Std. Error t value Pr(>|t|)    ,,,,,,,,,,,,,,,,> #OnlyB
(Intercept)   0.847690   0.021223  39.943   <2e-16 ***,,,,,,,,,Coefficients:,,,,,,,> Only_batgalimalpha1B <- Only_batgalimalpha1 %>%
Tempgroupmild 0.004303   0.030013   0.143    0.888    ,,,,,,,,,              Estimate Std. Error t value Pr(>|t|)    ,,,,,,,"+   filter(!typefraction %in% c(""Crude"", ""H`"",""D`"", ""I`"", ""F`""))"
Tempgroupwarm 0.032937   0.025992   1.267    0.222    ,,,,,,,,,(Intercept)    0.85736    0.02002  42.833 9.73e-11 ***,,,,,,,"> temp_lm_shannon=lm(Shannon~Tempgroup, data=Only_batgalimalpha1B)"
---,,,,,,,,,Tempgroupmild -0.02066    0.02831  -0.730    0.486    ,,,,,,,> summary(temp_lm_shannon)
Signif. codes:  0 ‘***’ 0.001 ‘**’ 0.01 ‘*’ 0.05 ‘.’ 0.1 ‘ ’ 1,,,,,,,,,Tempgroupwarm  0.02934    0.02532   1.159    0.280    ,,,,,,,
,,,,,,,,,---,,,,,,,Call:
Residual standard error: 0.04745 on 17 degrees of freedom,,,,,,,,,Signif. codes:  0 ‘***’ 0.001 ‘**’ 0.01 ‘*’ 0.05 ‘.’ 0.1 ‘ ’ 1,,,,,,,"lm(formula = Shannon ~ Tempgroup, data = Only_batgalimalpha1B)"
"Multiple R-squared:  0.1111,    Adjusted R-squared:  0.006522 ",,,,,,,,,,,,,,,,
"F-statistic: 1.062 on 2 and 17 DF,  p-value: 0.3675",,,,,,,,,Residual standard error: 0.03467 on 8 degrees of freedom,,,,,,,Residuals:
,,,,,,,,,"Multiple R-squared:  0.3391,    Adjusted R-squared:  0.1738 ",,,,,,,    Min      1Q  Median      3Q     Max 
"> temp_lm_Sobs=lm(Sobs~Tempgroup, data=bothalpha1F)",,,,,,,,,"F-statistic: 2.052 on 2 and 8 DF,  p-value: 0.1908",,,,,,,-0.6883 -0.4423  0.3381  0.3968  0.4488 
> summary(temp_lm_Sobs),,,,,,,,,,,,,,,,
,,,,,,,,,"> temp_lm_Sobs=lm(Sobs~Tempgroup, data=Only_Shikmonaalpha1D)",,,,,,,Coefficients:
Call:,,,,,,,,,> summary(temp_lm_Sobs),,,,,,,              Estimate Std. Error t value Pr(>|t|)    
"lm(formula = Sobs ~ Tempgroup, data = bothalpha1F)",,,,,,,,,,,,,,,,(Intercept)     4.3012     0.3898  11.034  3.3e-05 ***
,,,,,,,,,Call:,,,,,,,Tempgroupmild  -0.3806     0.5513  -0.690   0.5158    
Residuals:,,,,,,,,,"lm(formula = Sobs ~ Tempgroup, data = Only_Shikmonaalpha1D)",,,,,,,Tempgroupwarm  -1.2275     0.4612  -2.661   0.0375 *  
   Min     1Q Median     3Q    Max ,,,,,,,,,,,,,,,,---
-209.8  -68.8   14.4   79.7  144.2 ,,,,,,,,,Residuals:,,,,,,,Signif. codes:  0 ‘***’ 0.001 ‘**’ 0.01 ‘*’ 0.05 ‘.’ 0.1 ‘ ’ 1
,,,,,,,,,   Min     1Q Median     3Q    Max ,,,,,,,
Coefficients:,,,,,,,,,-103.7  -51.7  -19.4   42.6  144.0 ,,,,,,,Residual standard error: 0.5513 on 6 degrees of freedom
              Estimate Std. Error t value Pr(>|t|)    ,,,,,,,,,,,,,,,,"Multiple R-squared:  0.5817,    Adjusted R-squared:  0.4422 "
(Intercept)    2476.80      47.64  51.995   <2e-16 ***,,,,,,,,,Coefficients:,,,,,,,"F-statistic: 4.171 on 2 and 6 DF,  p-value: 0.0732"
Tempgroupmild    -0.40      67.37  -0.006    0.995    ,,,,,,,,,              Estimate Std. Error t value Pr(>|t|)    ,,,,,,,
Tempgroupwarm    62.00      58.34   1.063    0.303    ,,,,,,,,,(Intercept)    2564.00      48.21  53.179 1.73e-11 ***,,,,,,,"> temp_lm_simpson=lm(Simpson~Tempgroup, data=Only_batgalimalpha1B)"
---,,,,,,,,,Tempgroupmild   -95.33      68.19  -1.398    0.200    ,,,,,,,> summary(temp_lm_simpson)
Signif. codes:  0 ‘***’ 0.001 ‘**’ 0.01 ‘*’ 0.05 ‘.’ 0.1 ‘ ’ 1,,,,,,,,,Tempgroupwarm   -83.60      60.99  -1.371    0.208    ,,,,,,,
,,,,,,,,,---,,,,,,,Call:
Residual standard error: 106.5 on 17 degrees of freedom,,,,,,,,,Signif. codes:  0 ‘***’ 0.001 ‘**’ 0.01 ‘*’ 0.05 ‘.’ 0.1 ‘ ’ 1,,,,,,,"lm(formula = Simpson ~ Tempgroup, data = Only_batgalimalpha1B)"
"Multiple R-squared:  0.09115,   Adjusted R-squared:  -0.01577 ",,,,,,,,,,,,,,,,
"F-statistic: 0.8525 on 2 and 17 DF,  p-value: 0.4438",,,,,,,,,Residual standard error: 83.51 on 8 degrees of freedom,,,,,,,Residuals:
,,,,,,,,,"Multiple R-squared:  0.2352,    Adjusted R-squared:  0.04395 ",,,,,,,     Min       1Q   Median       3Q      Max 
> #OnlyI,,,,,,,,,"F-statistic:  1.23 on 2 and 8 DF,  p-value: 0.3422",,,,,,,-0.07977 -0.03052  0.03042  0.03661  0.04055 
> bothalpha1I <- metadataalpha1 %>%,,,,,,,,,,,,,,,,
"+   filter(!typefraction %in% c(""Crude"", ""H`"",""D`"", ""B`"", ""F`""))",,,,,,,,,> #OnlyF,,,,,,,Coefficients:
"> temp_lm_shannon=lm(Shannon~Tempgroup, data=bothalpha1I)",,,,,,,,,> Only_Shikmonaalpha1F <- Only_Shikmonaalpha1 %>%,,,,,,,              Estimate Std. Error t value Pr(>|t|)    
> summary(temp_lm_shannon),,,,,,,,,"+   filter(!typefraction %in% c(""Crude"", ""H`"",""D`"", ""I`"", ""B`""))",,,,,,,(Intercept)    0.92581    0.03645  25.402 2.45e-07 ***
,,,,,,,,,"> temp_lm_shannon=lm(Shannon~Tempgroup, data=Only_Shikmonaalpha1F)",,,,,,,Tempgroupmild -0.02625    0.05154  -0.509   0.6288    
Call:,,,,,,,,,> summary(temp_lm_shannon),,,,,,,Tempgroupwarm -0.08523    0.04312  -1.976   0.0955 .  
"lm(formula = Shannon ~ Tempgroup, data = bothalpha1I)",,,,,,,,,,,,,,,,---
,,,,,,,,,Call:,,,,,,,Signif. codes:  0 ‘***’ 0.001 ‘**’ 0.01 ‘*’ 0.05 ‘.’ 0.1 ‘ ’ 1
Residuals:,,,,,,,,,"lm(formula = Shannon ~ Tempgroup, data = Only_Shikmonaalpha1F)",,,,,,,
     Min       1Q   Median       3Q      Max ,,,,,,,,,,,,,,,,Residual standard error: 0.05154 on 6 degrees of freedom
-0.46645 -0.15279  0.07909  0.14009  0.27006 ,,,,,,,,,Residuals:,,,,,,,"Multiple R-squared:  0.4344,    Adjusted R-squared:  0.2459 "
,,,,,,,,,    Min      1Q  Median      3Q     Max ,,,,,,,"F-statistic: 2.304 on 2 and 6 DF,  p-value: 0.1809"
Coefficients:,,,,,,,,,-0.6495 -0.3689 -0.1598  0.5309  0.7324 ,,,,,,,
              Estimate Std. Error t value Pr(>|t|)    ,,,,,,,,,,,,,,,,"> temp_lm_Sobs=lm(Sobs~Tempgroup, data=Only_batgalimalpha1B)"
(Intercept)    4.73624    0.09215  51.397   <2e-16 ***,,,,,,,,,Coefficients:,,,,,,,> summary(temp_lm_Sobs)
Tempgroupmild -0.02083    0.13032  -0.160    0.875    ,,,,,,,,,              Estimate Std. Error t value Pr(>|t|)    ,,,,,,,
Tempgroupwarm -0.06200    0.11286  -0.549    0.590    ,,,,,,,,,(Intercept)    3.70272    0.34815  10.635 5.35e-06 ***,,,,,,,Call:
---,,,,,,,,,Tempgroupmild -0.25310    0.49236  -0.514    0.621    ,,,,,,,"lm(formula = Sobs ~ Tempgroup, data = Only_batgalimalpha1B)"
Signif. codes:  0 ‘***’ 0.001 ‘**’ 0.01 ‘*’ 0.05 ‘.’ 0.1 ‘ ’ 1,,,,,,,,,Tempgroupwarm -0.08952    0.44038  -0.203    0.844    ,,,,,,,
,,,,,,,,,---,,,,,,,Residuals:
Residual standard error: 0.2061 on 17 degrees of freedom,,,,,,,,,Signif. codes:  0 ‘***’ 0.001 ‘**’ 0.01 ‘*’ 0.05 ‘.’ 0.1 ‘ ’ 1,,,,,,,   Min     1Q Median     3Q    Max 
"Multiple R-squared:  0.01955,   Adjusted R-squared:  -0.0958 ",,,,,,,,,,,,,,,,  -143    -49     -2     49    129 
"F-statistic: 0.1695 on 2 and 17 DF,  p-value: 0.8455",,,,,,,,,Residual standard error: 0.603 on 8 degrees of freedom,,,,,,,
,,,,,,,,,"Multiple R-squared:  0.03318,   Adjusted R-squared:  -0.2085 ",,,,,,,Coefficients:
"> temp_lm_simpson=lm(Simpson~Tempgroup, data=bothalpha1I)",,,,,,,,,"F-statistic: 0.1373 on 2 and 8 DF,  p-value: 0.8738",,,,,,,              Estimate Std. Error t value Pr(>|t|)    
> summary(temp_lm_simpson),,,,,,,,,,,,,,,,(Intercept)    2671.00      67.72  39.441 1.78e-08 ***
,,,,,,,,,"> temp_lm_simpson=lm(Simpson~Tempgroup, data=Only_Shikmonaalpha1F)",,,,,,,Tempgroupmild  -136.00      95.77  -1.420    0.205    
Call:,,,,,,,,,> summary(temp_lm_simpson),,,,,,,Tempgroupwarm  -201.00      80.13  -2.508    0.046 *  
"lm(formula = Simpson ~ Tempgroup, data = bothalpha1I)",,,,,,,,,,,,,,,,---
,,,,,,,,,Call:,,,,,,,Signif. codes:  0 ‘***’ 0.001 ‘**’ 0.01 ‘*’ 0.05 ‘.’ 0.1 ‘ ’ 1
Residuals:,,,,,,,,,"lm(formula = Simpson ~ Tempgroup, data = Only_Shikmonaalpha1F)",,,,,,,
      Min        1Q    Median        3Q       Max ,,,,,,,,,,,,,,,,Residual standard error: 95.77 on 6 degrees of freedom
-0.011579 -0.004382  0.001198  0.005235  0.009551 ,,,,,,,,,Residuals:,,,,,,,"Multiple R-squared:  0.5123,    Adjusted R-squared:  0.3497 "
,,,,,,,,,     Min       1Q   Median       3Q      Max ,,,,,,,"F-statistic: 3.151 on 2 and 6 DF,  p-value: 0.116"
Coefficients:,,,,,,,,,-0.06738 -0.03274 -0.02182  0.04681  0.07735 ,,,,,,,
                Estimate Std. Error t value Pr(>|t|)    ,,,,,,,,,,,,,,,,> #OnlyD
(Intercept)    0.9729671  0.0032359 300.677   <2e-16 ***,,,,,,,,,Coefficients:,,,,,,,> Only_batgalimalpha1D <- Only_batgalimalpha1 %>%
Tempgroupmild -0.0005817  0.0045763  -0.127     0.90    ,,,,,,,,,               Estimate Std. Error t value Pr(>|t|)    ,,,,,,,"+   filter(!typefraction %in% c(""Crude"", ""H`"",""B`"", ""I`"", ""F`""))"
Tempgroupwarm -0.0029283  0.0039632  -0.739     0.47    ,,,,,,,,,(Intercept)    0.863783   0.033166  26.044 5.07e-09 ***,,,,,,,"> temp_lm_shannon=lm(Shannon~Tempgroup, data=Only_batgalimalpha1D)"
---,,,,,,,,,Tempgroupmild -0.009449   0.046904  -0.201    0.845    ,,,,,,,> summary(temp_lm_shannon)
Signif. codes:  0 ‘***’ 0.001 ‘**’ 0.01 ‘*’ 0.05 ‘.’ 0.1 ‘ ’ 1,,,,,,,,,Tempgroupwarm -0.001531   0.041952  -0.036    0.972    ,,,,,,,
,,,,,,,,,---,,,,,,,Call:
Residual standard error: 0.007236 on 17 degrees of freedom,,,,,,,,,Signif. codes:  0 ‘***’ 0.001 ‘**’ 0.01 ‘*’ 0.05 ‘.’ 0.1 ‘ ’ 1,,,,,,,"lm(formula = Shannon ~ Tempgroup, data = Only_batgalimalpha1D)"
"Multiple R-squared:  0.03849,   Adjusted R-squared:  -0.07463 ",,,,,,,,,,,,,,,,
"F-statistic: 0.3402 on 2 and 17 DF,  p-value: 0.7163",,,,,,,,,Residual standard error: 0.05744 on 8 degrees of freedom,,,,,,,Residuals:
,,,,,,,,,"Multiple R-squared:  0.006089,  Adjusted R-squared:  -0.2424 ",,,,,,,     Min       1Q   Median       3Q      Max 
"> temp_lm_Sobs=lm(Sobs~Tempgroup, data=bothalpha1I)",,,,,,,,,"F-statistic: 0.02451 on 2 and 8 DF,  p-value: 0.9759",,,,,,,-0.57775 -0.34796  0.00218  0.34796  0.64073 
> summary(temp_lm_Sobs),,,,,,,,,,,,,,,,
,,,,,,,,,"> temp_lm_Sobs=lm(Sobs~Tempgroup, data=Only_Shikmonaalpha1F)",,,,,,,Coefficients:
Call:,,,,,,,,,> summary(temp_lm_Sobs),,,,,,,              Estimate Std. Error t value Pr(>|t|)    
"lm(formula = Sobs ~ Tempgroup, data = bothalpha1I)",,,,,,,,,,,,,,,,(Intercept)     2.2787     0.3571   6.381 0.000697 ***
,,,,,,,,,Call:,,,,,,,Tempgroupmild   1.2919     0.5050   2.558 0.043018 *  
Residuals:,,,,,,,,,"lm(formula = Sobs ~ Tempgroup, data = Only_Shikmonaalpha1F)",,,,,,,Tempgroupwarm   1.5698     0.4225   3.715 0.009908 ** 
   Min     1Q Median     3Q    Max ,,,,,,,,,,,,,,,,---
-59.10 -22.95  -1.65  28.30  53.80 ,,,,,,,,,Residuals:,,,,,,,Signif. codes:  0 ‘***’ 0.001 ‘**’ 0.01 ‘*’ 0.05 ‘.’ 0.1 ‘ ’ 1
,,,,,,,,,   Min     1Q Median     3Q    Max ,,,,,,,
Coefficients:,,,,,,,,,-111.0  -92.6  -22.0   94.9  133.0 ,,,,,,,Residual standard error: 0.505 on 6 degrees of freedom
              Estimate Std. Error t value Pr(>|t|)    ,,,,,,,,,,,,,,,,"Multiple R-squared:  0.6997,    Adjusted R-squared:  0.5996 "
(Intercept)    2661.20      16.16 164.689   <2e-16 ***,,,,,,,,,Coefficients:,,,,,,,"F-statistic:  6.99 on 2 and 6 DF,  p-value: 0.02708"
Tempgroupmild     2.00      22.85   0.088    0.931    ,,,,,,,,,              Estimate Std. Error t value Pr(>|t|)    ,,,,,,,
Tempgroupwarm    -3.10      19.79  -0.157    0.877    ,,,,,,,,,(Intercept)    2536.00      63.35  40.029 1.67e-10 ***,,,,,,,"> temp_lm_simpson=lm(Simpson~Tempgroup, data=Only_batgalimalpha1D)"
---,,,,,,,,,Tempgroupmild   -72.00      89.60  -0.804    0.445    ,,,,,,,> summary(temp_lm_simpson)
Signif. codes:  0 ‘***’ 0.001 ‘**’ 0.01 ‘*’ 0.05 ‘.’ 0.1 ‘ ’ 1,,,,,,,,,Tempgroupwarm    -8.80      80.14  -0.110    0.915    ,,,,,,,
,,,,,,,,,---,,,,,,,Call:
Residual standard error: 36.13 on 17 degrees of freedom,,,,,,,,,Signif. codes:  0 ‘***’ 0.001 ‘**’ 0.01 ‘*’ 0.05 ‘.’ 0.1 ‘ ’ 1,,,,,,,"lm(formula = Simpson ~ Tempgroup, data = Only_batgalimalpha1D)"
"Multiple R-squared:  0.00422,   Adjusted R-squared:  -0.1129 ",,,,,,,,,,,,,,,,
"F-statistic: 0.03602 on 2 and 17 DF,  p-value: 0.9647",,,,,,,,,Residual standard error: 109.7 on 8 degrees of freedom,,,,,,,Residuals:
,,,,,,,,,"Multiple R-squared:  0.09229,   Adjusted R-squared:  -0.1346 ",,,,,,,      Min        1Q    Median        3Q       Max 
> #OnlyH,,,,,,,,,"F-statistic: 0.4067 on 2 and 8 DF,  p-value: 0.6789",,,,,,,-0.061983 -0.037326  0.007057  0.037326  0.055347 
> bothalpha1H <- metadataalpha1 %>%,,,,,,,,,,,,,,,,
"+   filter(!typefraction %in% c(""Crude"", ""D`"",""B`"", ""I`"", ""F`""))",,,,,,,,,> #OnlyI,,,,,,,Coefficients:
"> temp_lm_shannon=lm(Shannon~Tempgroup, data=bothalpha1H)",,,,,,,,,> Only_Shikmonaalpha1I <- Only_Shikmonaalpha1 %>%,,,,,,,              Estimate Std. Error t value Pr(>|t|)    
> summary(temp_lm_shannon),,,,,,,,,"+   filter(!typefraction %in% c(""Crude"", ""H`"",""D`"", ""B`"", ""F`""))",,,,,,,(Intercept)    0.70572    0.03465  20.366 9.11e-07 ***
,,,,,,,,,"> temp_lm_shannon=lm(Shannon~Tempgroup, data=Only_Shikmonaalpha1I)",,,,,,,Tempgroupmild  0.16105    0.04901   3.286  0.01669 *  
Call:,,,,,,,,,> summary(temp_lm_shannon),,,,,,,Tempgroupwarm  0.18411    0.04100   4.491  0.00415 ** 
"lm(formula = Shannon ~ Tempgroup, data = bothalpha1H)",,,,,,,,,,,,,,,,---
,,,,,,,,,Call:,,,,,,,Signif. codes:  0 ‘***’ 0.001 ‘**’ 0.01 ‘*’ 0.05 ‘.’ 0.1 ‘ ’ 1
Residuals:,,,,,,,,,"lm(formula = Shannon ~ Tempgroup, data = Only_Shikmonaalpha1I)",,,,,,,
    Min      1Q  Median      3Q     Max ,,,,,,,,,,,,,,,,Residual standard error: 0.04901 on 6 degrees of freedom
-0.7342 -0.1584  0.1057  0.2185  0.4149 ,,,,,,,,,Residuals:,,,,,,,"Multiple R-squared:  0.7755,    Adjusted R-squared:  0.7007 "
,,,,,,,,,     Min       1Q   Median       3Q      Max ,,,,,,,"F-statistic: 10.37 on 2 and 6 DF,  p-value: 0.01131"
Coefficients:,,,,,,,,,-0.30766 -0.06881  0.02600  0.08038  0.16688 ,,,,,,,
              Estimate Std. Error t value Pr(>|t|)    ,,,,,,,,,,,,,,,,"> temp_lm_Sobs=lm(Sobs~Tempgroup, data=Only_batgalimalpha1D)"
(Intercept)     4.8190     0.1509  31.940   <2e-16 ***,,,,,,,,,Coefficients:,,,,,,,> summary(temp_lm_Sobs)
Tempgroupmild  -0.6236     0.2134  -2.922   0.0095 ** ,,,,,,,,,              Estimate Std. Error t value Pr(>|t|)    ,,,,,,,
Tempgroupwarm  -0.4021     0.1848  -2.176   0.0440 *  ,,,,,,,,,(Intercept)    4.65066    0.08662  53.687 1.61e-11 ***,,,,,,,Call:
---,,,,,,,,,Tempgroupmild  0.13156    0.12251   1.074    0.314    ,,,,,,,"lm(formula = Sobs ~ Tempgroup, data = Only_batgalimalpha1D)"
Signif. codes:  0 ‘***’ 0.001 ‘**’ 0.01 ‘*’ 0.05 ‘.’ 0.1 ‘ ’ 1,,,,,,,,,Tempgroupwarm  0.12676    0.10957   1.157    0.281    ,,,,,,,
,,,,,,,,,---,,,,,,,Residuals:
Residual standard error: 0.3374 on 17 degrees of freedom,,,,,,,,,Signif. codes:  0 ‘***’ 0.001 ‘**’ 0.01 ‘*’ 0.05 ‘.’ 0.1 ‘ ’ 1,,,,,,,   Min     1Q Median     3Q    Max 
"Multiple R-squared:  0.3436,    Adjusted R-squared:  0.2664 ",,,,,,,,,,,,,,,,-131.6  -82.6  -52.5   83.5  154.4 
"F-statistic: 4.449 on 2 and 17 DF,  p-value: 0.02792",,,,,,,,,Residual standard error: 0.15 on 8 degrees of freedom,,,,,,,
,,,,,,,,,"Multiple R-squared:  0.167,     Adjusted R-squared:  -0.04126 ",,,,,,,Coefficients:
"> temp_lm_simpson=lm(Simpson~Tempgroup, data=bothalpha1H)",,,,,,,,,"F-statistic: 0.8019 on 2 and 8 DF,  p-value: 0.4815",,,,,,,              Estimate Std. Error t value Pr(>|t|)    
> summary(temp_lm_simpson),,,,,,,,,,,,,,,,(Intercept)    2483.50      87.31  28.443 1.25e-07 ***
,,,,,,,,,"> temp_lm_simpson=lm(Simpson~Tempgroup, data=Only_Shikmonaalpha1I)",,,,,,,Tempgroupmild    17.00     123.48   0.138    0.895    
Call:,,,,,,,,,> summary(temp_lm_simpson),,,,,,,Tempgroupwarm    77.10     103.31   0.746    0.484    
"lm(formula = Simpson ~ Tempgroup, data = bothalpha1H)",,,,,,,,,,,,,,,,---
,,,,,,,,,Call:,,,,,,,Signif. codes:  0 ‘***’ 0.001 ‘**’ 0.01 ‘*’ 0.05 ‘.’ 0.1 ‘ ’ 1
Residuals:,,,,,,,,,"lm(formula = Simpson ~ Tempgroup, data = Only_Shikmonaalpha1I)",,,,,,,
      Min        1Q    Median        3Q       Max ,,,,,,,,,,,,,,,,Residual standard error: 123.5 on 6 degrees of freedom
-0.061539 -0.003555  0.006491  0.016166  0.023441 ,,,,,,,,,Residuals:,,,,,,,"Multiple R-squared:  0.1051,    Adjusted R-squared:  -0.1932 "
,,,,,,,,,      Min        1Q    Median        3Q       Max ,,,,,,,"F-statistic: 0.3524 on 2 and 6 DF,  p-value: 0.7166"
Coefficients:,,,,,,,,,-0.011909 -0.002798  0.000817  0.004158  0.007199 ,,,,,,,
              Estimate Std. Error t value Pr(>|t|)    ,,,,,,,,,,,,,,,,> #OnlyF
(Intercept)    0.96920    0.01066  90.961   <2e-16 ***,,,,,,,,,Coefficients:,,,,,,,> Only_batgalimalpha1F <- Only_batgalimalpha1 %>%
Tempgroupmild -0.04000    0.01507  -2.654   0.0167 *  ,,,,,,,,,              Estimate Std. Error t value Pr(>|t|)    ,,,,,,,"+   filter(!typefraction %in% c(""Crude"", ""H`"",""D`"", ""I`"", ""B`""))"
Tempgroupwarm -0.02416    0.01305  -1.851   0.0816 .  ,,,,,,,,,(Intercept)   0.969365   0.003679 263.516   <2e-16 ***,,,,,,,"> temp_lm_shannon=lm(Shannon~Tempgroup, data=Only_batgalimalpha1F)"
---,,,,,,,,,Tempgroupmild 0.005448   0.005202   1.047    0.326    ,,,,,,,> summary(temp_lm_shannon)
Signif. codes:  0 ‘***’ 0.001 ‘**’ 0.01 ‘*’ 0.05 ‘.’ 0.1 ‘ ’ 1,,,,,,,,,Tempgroupwarm 0.003026   0.004653   0.650    0.534    ,,,,,,,
,,,,,,,,,---,,,,,,,Call:
Residual standard error: 0.02383 on 17 degrees of freedom,,,,,,,,,Signif. codes:  0 ‘***’ 0.001 ‘**’ 0.01 ‘*’ 0.05 ‘.’ 0.1 ‘ ’ 1,,,,,,,"lm(formula = Shannon ~ Tempgroup, data = Only_batgalimalpha1F)"
"Multiple R-squared:  0.2975,    Adjusted R-squared:  0.2148 ",,,,,,,,,,,,,,,,
"F-statistic: 3.599 on 2 and 17 DF,  p-value: 0.04973",,,,,,,,,Residual standard error: 0.006372 on 8 degrees of freedom,,,,,,,Residuals:
,,,,,,,,,"Multiple R-squared:  0.1211,    Adjusted R-squared:  -0.09857 ",,,,,,,    Min      1Q  Median      3Q     Max 
"> temp_lm_Sobs=lm(Sobs~Tempgroup, data=bothalpha1H)",,,,,,,,,"F-statistic: 0.5514 on 2 and 8 DF,  p-value: 0.5966",,,,,,,-0.4575 -0.1056 -0.0309  0.1056  0.5835 
> summary(temp_lm_Sobs),,,,,,,,,,,,,,,,
,,,,,,,,,"> temp_lm_Sobs=lm(Sobs~Tempgroup, data=Only_Shikmonaalpha1I)",,,,,,,Coefficients:
Call:,,,,,,,,,> summary(temp_lm_Sobs),,,,,,,              Estimate Std. Error t value Pr(>|t|)    
"lm(formula = Sobs ~ Tempgroup, data = bothalpha1H)",,,,,,,,,,,,,,,,(Intercept)     3.1023     0.2263  13.708 9.37e-06 ***
,,,,,,,,,Call:,,,,,,,Tempgroupmild   0.4272     0.3200   1.335   0.2304    
Residuals:,,,,,,,,,"lm(formula = Sobs ~ Tempgroup, data = Only_Shikmonaalpha1I)",,,,,,,Tempgroupwarm   0.7755     0.2678   2.896   0.0275 *  
   Min     1Q Median     3Q    Max ,,,,,,,,,,,,,,,,---
-89.10 -22.52   2.70  28.93  64.90 ,,,,,,,,,Residuals:,,,,,,,Signif. codes:  0 ‘***’ 0.001 ‘**’ 0.01 ‘*’ 0.05 ‘.’ 0.1 ‘ ’ 1
,,,,,,,,,   Min     1Q Median     3Q    Max ,,,,,,,
Coefficients:,,,,,,,,,-61.20 -24.83 -10.20  29.07  65.00 ,,,,,,,Residual standard error: 0.32 on 6 degrees of freedom
              Estimate Std. Error t value Pr(>|t|)    ,,,,,,,,,,,,,,,,"Multiple R-squared:  0.5899,    Adjusted R-squared:  0.4532 "
(Intercept)    2583.00      20.65 125.064   <2e-16 ***,,,,,,,,,Coefficients:,,,,,,,"F-statistic: 4.316 on 2 and 6 DF,  p-value: 0.06896"
Tempgroupmild   -46.20      29.21  -1.582    0.132    ,,,,,,,,,              Estimate Std. Error t value Pr(>|t|)    ,,,,,,,
Tempgroupwarm   -24.90      25.30  -0.984    0.339    ,,,,,,,,,(Intercept)   2654.667     24.846 106.846 6.58e-14 ***,,,,,,,"> temp_lm_simpson=lm(Simpson~Tempgroup, data=Only_batgalimalpha1F)"
---,,,,,,,,,Tempgroupmild   -2.667     35.137  -0.076    0.941    ,,,,,,,> summary(temp_lm_simpson)
Signif. codes:  0 ‘***’ 0.001 ‘**’ 0.01 ‘*’ 0.05 ‘.’ 0.1 ‘ ’ 1,,,,,,,,,Tempgroupwarm    5.533     31.428   0.176    0.865    ,,,,,,,
,,,,,,,,,---,,,,,,,Call:
Residual standard error: 46.18 on 17 degrees of freedom,,,,,,,,,Signif. codes:  0 ‘***’ 0.001 ‘**’ 0.01 ‘*’ 0.05 ‘.’ 0.1 ‘ ’ 1,,,,,,,"lm(formula = Simpson ~ Tempgroup, data = Only_batgalimalpha1F)"
"Multiple R-squared:  0.1286,    Adjusted R-squared:  0.02612 ",,,,,,,,,,,,,,,,
"F-statistic: 1.255 on 2 and 17 DF,  p-value: 0.3103",,,,,,,,,Residual standard error: 43.03 on 8 degrees of freedom,,,,,,,Residuals:
,,,,,,,,,"Multiple R-squared:  0.009312,  Adjusted R-squared:  -0.2384 ",,,,,,,      Min        1Q    Median        3Q       Max 
> #OnlyCrude,,,,,,,,,"F-statistic: 0.0376 on 2 and 8 DF,  p-value: 0.9633",,,,,,,-0.042091 -0.014829 -0.003959  0.021254  0.039625 
> bothalpha1Crude <- metadataalpha1 %>%,,,,,,,,,,,,,,,,
"+   filter(!typefraction %in% c(""H`"", ""D`"",""B`"", ""I`"", ""F`""))",,,,,,,,,> #OnlyH,,,,,,,Coefficients:
"> temp_lm_shannon=lm(Shannon~Tempgroup, data=bothalpha1Crude)",,,,,,,,,> Only_Shikmonaalpha1H <- Only_Shikmonaalpha1 %>%,,,,,,,              Estimate Std. Error t value Pr(>|t|)    
> summary(temp_lm_shannon),,,,,,,,,"+   filter(!typefraction %in% c(""Crude"", ""D`"",""B`"", ""I`"", ""F`""))",,,,,,,(Intercept)    0.82355    0.02332  35.319 3.43e-08 ***
,,,,,,,,,"> temp_lm_shannon=lm(Shannon~Tempgroup, data=Only_Shikmonaalpha1H)",,,,,,,Tempgroupmild  0.02493    0.03298   0.756    0.478    
Call:,,,,,,,,,> summary(temp_lm_shannon),,,,,,,Tempgroupwarm  0.07545    0.02759   2.735    0.034 *  
"lm(formula = Shannon ~ Tempgroup, data = bothalpha1Crude)",,,,,,,,,,,,,,,,---
,,,,,,,,,Call:,,,,,,,Signif. codes:  0 ‘***’ 0.001 ‘**’ 0.01 ‘*’ 0.05 ‘.’ 0.1 ‘ ’ 1
Residuals:,,,,,,,,,"lm(formula = Shannon ~ Tempgroup, data = Only_Shikmonaalpha1H)",,,,,,,
     Min       1Q   Median       3Q      Max ,,,,,,,,,,,,,,,,Residual standard error: 0.03298 on 6 degrees of freedom
-0.93257 -0.10044  0.06288  0.20717  0.40441 ,,,,,,,,,Residuals:,,,,,,,"Multiple R-squared:  0.5912,    Adjusted R-squared:  0.455 "
,,,,,,,,,     Min       1Q   Median       3Q      Max ,,,,,,,"F-statistic: 4.339 on 2 and 6 DF,  p-value: 0.06829"
Coefficients:,,,,,,,,,-0.40778 -0.09128  0.02668  0.18794  0.24006 ,,,,,,,
              Estimate Std. Error t value Pr(>|t|)    ,,,,,,,,,,,,,,,,"> temp_lm_Sobs=lm(Sobs~Tempgroup, data=Only_batgalimalpha1F)"
(Intercept)     5.0810     0.1498  33.925   <2e-16 ***,,,,,,,,,Coefficients:,,,,,,,> summary(temp_lm_Sobs)
Tempgroupmild  -0.1873     0.2028  -0.924    0.368    ,,,,,,,,,              Estimate Std. Error t value Pr(>|t|)    ,,,,,,,
Tempgroupwarm  -0.2673     0.1834  -1.457    0.162    ,,,,,,,,,(Intercept)     4.8439     0.1414  34.268 5.75e-10 ***,,,,,,,Call:
---,,,,,,,,,Tempgroupmild  -0.4570     0.1999  -2.286   0.0516 .  ,,,,,,,"lm(formula = Sobs ~ Tempgroup, data = Only_batgalimalpha1F)"
Signif. codes:  0 ‘***’ 0.001 ‘**’ 0.01 ‘*’ 0.05 ‘.’ 0.1 ‘ ’ 1,,,,,,,,,Tempgroupwarm  -0.2243     0.1788  -1.255   0.2450    ,,,,,,,
,,,,,,,,,---,,,,,,,Residuals:
Residual standard error: 0.3349 on 18 degrees of freedom,,,,,,,,,Signif. codes:  0 ‘***’ 0.001 ‘**’ 0.01 ‘*’ 0.05 ‘.’ 0.1 ‘ ’ 1,,,,,,,   Min     1Q Median     3Q    Max 
"Multiple R-squared:  0.1057,    Adjusted R-squared:  0.006286 ",,,,,,,,,,,,,,,,-149.4   -9.4    7.6   28.6  122.6 
"F-statistic: 1.063 on 2 and 18 DF,  p-value: 0.366",,,,,,,,,Residual standard error: 0.2448 on 8 degrees of freedom,,,,,,,
,,,,,,,,,"Multiple R-squared:  0.3952,    Adjusted R-squared:  0.244 ",,,,,,,Coefficients:
"> temp_lm_simpson=lm(Simpson~Tempgroup, data=bothalpha1Crude)",,,,,,,,,"F-statistic: 2.613 on 2 and 8 DF,  p-value: 0.1338",,,,,,,              Estimate Std. Error t value Pr(>|t|)    
> summary(temp_lm_simpson),,,,,,,,,,,,,,,,(Intercept)    2388.00      75.14  31.779 6.45e-08 ***
,,,,,,,,,"> temp_lm_simpson=lm(Simpson~Tempgroup, data=Only_Shikmonaalpha1H)",,,,,,,Tempgroupmild   107.00     106.27   1.007    0.353    
Call:,,,,,,,,,> summary(temp_lm_simpson),,,,,,,Tempgroupwarm   162.40      88.91   1.827    0.118    
"lm(formula = Simpson ~ Tempgroup, data = bothalpha1Crude)",,,,,,,,,,,,,,,,---
,,,,,,,,,Call:,,,,,,,Signif. codes:  0 ‘***’ 0.001 ‘**’ 0.01 ‘*’ 0.05 ‘.’ 0.1 ‘ ’ 1
Residuals:,,,,,,,,,"lm(formula = Simpson ~ Tempgroup, data = Only_Shikmonaalpha1H)",,,,,,,
      Min        1Q    Median        3Q       Max ,,,,,,,,,,,,,,,,Residual standard error: 106.3 on 6 degrees of freedom
-0.027910 -0.003285  0.003785  0.009641  0.015814 ,,,,,,,,,Residuals:,,,,,,,"Multiple R-squared:  0.3581,    Adjusted R-squared:  0.1441 "
,,,,,,,,,      Min        1Q    Median        3Q       Max ,,,,,,,"F-statistic: 1.674 on 2 and 6 DF,  p-value: 0.2645"
Coefficients:,,,,,,,,,-0.023134 -0.008408  0.001044  0.010644  0.012423 ,,,,,,,
               Estimate Std. Error t value Pr(>|t|)    ,,,,,,,,,,,,,,,,> #OnlyI
(Intercept)    0.981337   0.006216 157.867   <2e-16 ***,,,,,,,,,Coefficients:,,,,,,,> Only_batgalimalpha1I <- Only_batgalimalpha1 %>%
Tempgroupmild -0.009097   0.008417  -1.081   0.2940    ,,,,,,,,,               Estimate Std. Error t value Pr(>|t|)    ,,,,,,,"+   filter(!typefraction %in% c(""Crude"", ""H`"",""D`"", ""B`"", ""F`""))"
Tempgroupwarm -0.014987   0.007613  -1.968   0.0646 .  ,,,,,,,,,(Intercept)    0.967268   0.007637 126.653 1.69e-14 ***,,,,,,,"> temp_lm_shannon=lm(Shannon~Tempgroup, data=Only_batgalimalpha1I)"
---,,,,,,,,,Tempgroupmild -0.022940   0.010801  -2.124   0.0664 .  ,,,,,,,> summary(temp_lm_shannon)
Signif. codes:  0 ‘***’ 0.001 ‘**’ 0.01 ‘*’ 0.05 ‘.’ 0.1 ‘ ’ 1,,,,,,,,,Tempgroupwarm -0.012784   0.009660  -1.323   0.2223    ,,,,,,,
,,,,,,,,,---,,,,,,,Call:
Residual standard error: 0.0139 on 18 degrees of freedom,,,,,,,,,Signif. codes:  0 ‘***’ 0.001 ‘**’ 0.01 ‘*’ 0.05 ‘.’ 0.1 ‘ ’ 1,,,,,,,"lm(formula = Shannon ~ Tempgroup, data = Only_batgalimalpha1I)"
"Multiple R-squared:  0.1778,    Adjusted R-squared:  0.08645 ",,,,,,,,,,,,,,,,
"F-statistic: 1.946 on 2 and 18 DF,  p-value: 0.1717",,,,,,,,,Residual standard error: 0.01323 on 8 degrees of freedom,,,,,,,Residuals:
,,,,,,,,,"Multiple R-squared:  0.3619,    Adjusted R-squared:  0.2024 ",,,,,,,     Min       1Q   Median       3Q      Max 
"> temp_lm_Sobs=lm(Sobs~Tempgroup, data=bothalpha1Crude)",,,,,,,,,"F-statistic: 2.269 on 2 and 8 DF,  p-value: 0.1657",,,,,,,-0.36327 -0.08897 -0.01112  0.08897  0.29335 
> summary(temp_lm_Sobs),,,,,,,,,,,,,,,,
,,,,,,,,,"> temp_lm_Sobs=lm(Sobs~Tempgroup, data=Only_Shikmonaalpha1H)",,,,,,,Coefficients:
Call:,,,,,,,,,> summary(temp_lm_Sobs),,,,,,,              Estimate Std. Error t value Pr(>|t|)    
"lm(formula = Sobs ~ Tempgroup, data = bothalpha1Crude)",,,,,,,,,,,,,,,,(Intercept)     4.8646     0.1700  28.614 1.21e-07 ***
,,,,,,,,,Call:,,,,,,,Tempgroupmild  -0.2494     0.2404  -1.037    0.340    
Residuals:,,,,,,,,,"lm(formula = Sobs ~ Tempgroup, data = Only_Shikmonaalpha1H)",,,,,,,Tempgroupwarm  -0.2936     0.2012  -1.459    0.195    
    Min      1Q  Median      3Q     Max ,,,,,,,,,,,,,,,,---
-313.80  -27.80   25.20   34.20   94.67 ,,,,,,,,,Residuals:,,,,,,,Signif. codes:  0 ‘***’ 0.001 ‘**’ 0.01 ‘*’ 0.05 ‘.’ 0.1 ‘ ’ 1
,,,,,,,,,   Min     1Q Median     3Q    Max ,,,,,,,
Coefficients:,,,,,,,,,-47.60 -11.67  -6.60  21.33  33.40 ,,,,,,,Residual standard error: 0.2404 on 6 degrees of freedom
              Estimate Std. Error t value Pr(>|t|)    ,,,,,,,,,,,,,,,,"Multiple R-squared:  0.2658,    Adjusted R-squared:  0.02107 "
(Intercept)    2598.80      40.21   64.63   <2e-16 ***,,,,,,,,,Coefficients:,,,,,,,"F-statistic: 1.086 on 2 and 6 DF,  p-value: 0.3958"
Tempgroupmild    49.53      54.44    0.91    0.375    ,,,,,,,,,              Estimate Std. Error t value Pr(>|t|)    ,,,,,,,
Tempgroupwarm     1.00      49.25    0.02    0.984    ,,,,,,,,,(Intercept)    2609.00      15.86 164.489 2.09e-15 ***,,,,,,,"> temp_lm_simpson=lm(Simpson~Tempgroup, data=Only_batgalimalpha1I)"
---,,,,,,,,,Tempgroupmild   -55.67      22.43  -2.482    0.038 *  ,,,,,,,> summary(temp_lm_simpson)
Signif. codes:  0 ‘***’ 0.001 ‘**’ 0.01 ‘*’ 0.05 ‘.’ 0.1 ‘ ’ 1,,,,,,,,,Tempgroupwarm   -19.40      20.06  -0.967    0.362    ,,,,,,,
,,,,,,,,,---,,,,,,,Call:
Residual standard error: 89.91 on 18 degrees of freedom,,,,,,,,,Signif. codes:  0 ‘***’ 0.001 ‘**’ 0.01 ‘*’ 0.05 ‘.’ 0.1 ‘ ’ 1,,,,,,,"lm(formula = Simpson ~ Tempgroup, data = Only_batgalimalpha1I)"
"Multiple R-squared:  0.06573,   Adjusted R-squared:  -0.03808 ",,,,,,,,,,,,,,,,
"F-statistic: 0.6332 on 2 and 18 DF,  p-value: 0.5423",,,,,,,,,Residual standard error: 27.47 on 8 degrees of freedom,,,,,,,Residuals:
,,,,,,,,,"Multiple R-squared:  0.445,     Adjusted R-squared:  0.3063 ",,,,,,,      Min        1Q    Median        3Q       Max 
,,,,,,,,,"F-statistic: 3.208 on 2 and 8 DF,  p-value: 0.09485",,,,,,,-0.009227 -0.002340 -0.001339  0.002340  0.010757 
,,,,,,,,,,,,,,,,
,,,,,,,,,> #OnlyCrude,,,,,,,Coefficients:
,,,,,,,,,> Only_Shikmonaalpha1Crude <- Only_Shikmonaalpha1 %>%,,,,,,,               Estimate Std. Error t value Pr(>|t|)    
,,,,,,,,,"+   filter(!typefraction %in% c(""H`"", ""D`"",""B`"", ""I`"", ""F`""))",,,,,,,(Intercept)    0.978370   0.005541 176.564 2.23e-12 ***
,,,,,,,,,"> temp_lm_shannon=lm(Shannon~Tempgroup, data=Only_Shikmonaalpha1Crude)",,,,,,,Tempgroupmild -0.009626   0.007836  -1.228    0.265    
,,,,,,,,,> summary(temp_lm_shannon),,,,,,,Tempgroupwarm -0.010683   0.006556  -1.629    0.154    
,,,,,,,,,,,,,,,,---
Model: No Repeated Measures (lm),,,,,,,,,Call:,,,,,,,Signif. codes:  0 ‘***’ 0.001 ‘**’ 0.01 ‘*’ 0.05 ‘.’ 0.1 ‘ ’ 1
Response: art(Shannon),,,,,,,,,"lm(formula = Shannon ~ Tempgroup, data = Only_Shikmonaalpha1Crude)",,,,,,,
,,,,,,,,,,,,,,,,Residual standard error: 0.007836 on 6 degrees of freedom
                                               Df Df.res F value     Pr(>F)    ,,,,,,,,,Residuals:,,,,,,,"Multiple R-squared:  0.3147,    Adjusted R-squared:  0.08632 "
1 as.factor(Tempgroup)                          2    103  1.9722 0.14437260    ,,,,,,,,,     Min       1Q   Median       3Q      Max ,,,,,,,"F-statistic: 1.378 on 2 and 6 DF,  p-value: 0.3218"
2 as.factor(typefraction)                       5    103 41.2312 < 2.22e-16 ***,,,,,,,,,-0.11967 -0.05395 -0.04276  0.06015  0.14824 ,,,,,,,
3 as.factor(Tempgroup):as.factor(typefraction) 10    103  3.5495 0.00045919 ***,,,,,,,,,,,,,,,,"> temp_lm_Sobs=lm(Sobs~Tempgroup, data=Only_batgalimalpha1I)"
,,,,,,,,,Coefficients:,,,,,,,> summary(temp_lm_Sobs)
,,,,,,,,,              Estimate Std. Error t value Pr(>|t|)    ,,,,,,,
,,,,,,,,,(Intercept)    5.03401    0.05554  90.633 2.45e-13 ***,,,,,,,Call:
,,,,,,,,,Tempgroupmild -0.07919    0.07855  -1.008    0.343    ,,,,,,,"lm(formula = Sobs ~ Tempgroup, data = Only_batgalimalpha1I)"
,,,,,,,,,Tempgroupwarm  0.10656    0.07026   1.517    0.168    ,,,,,,,
,,,,,,,,,---,,,,,,,Residuals:
,,,,,,,,,Signif. codes:  0 ‘***’ 0.001 ‘**’ 0.01 ‘*’ 0.05 ‘.’ 0.1 ‘ ’ 1,,,,,,,   Min     1Q Median     3Q    Max 
,,,,,,,,,,,,,,,,   -48    -20      8     22     32 
,,,,,,,,,Residual standard error: 0.0962 on 8 degrees of freedom,,,,,,,
,,,,,,,,,"Multiple R-squared:  0.4775,    Adjusted R-squared:  0.3469 ",,,,,,,Coefficients:
,,,,,,,,,"F-statistic: 3.656 on 2 and 8 DF,  p-value: 0.07453",,,,,,,              Estimate Std. Error t value Pr(>|t|)    
,,,,,,,,,,,,,,,,(Intercept)    2671.00      22.50 118.721 2.41e-11 ***
,,,,,,,,,"> temp_lm_simpson=lm(Simpson~Tempgroup, data=Only_Shikmonaalpha1Crude)",,,,,,,Tempgroupmild     9.00      31.82   0.283    0.787    
,,,,,,,,,> summary(temp_lm_simpson),,,,,,,Tempgroupwarm   -15.00      26.62  -0.563    0.594    
,,,,,,,,,,,,,,,,---
,,,,,,,,,Call:,,,,,,,Signif. codes:  0 ‘***’ 0.001 ‘**’ 0.01 ‘*’ 0.05 ‘.’ 0.1 ‘ ’ 1
,,,,,,,,,"lm(formula = Simpson ~ Tempgroup, data = Only_Shikmonaalpha1Crude)",,,,,,,
,,,,,,,,,,,,,,,,Residual standard error: 31.82 on 6 degrees of freedom
,,,,,,,,,Residuals:,,,,,,,"Multiple R-squared:  0.1323,    Adjusted R-squared:  -0.157 "
,,,,,,,,,      Min        1Q    Median        3Q       Max ,,,,,,,"F-statistic: 0.4574 on 2 and 6 DF,  p-value: 0.6533"
,,,,,,,,,-0.005277 -0.002154  0.001113  0.002268  0.004164 ,,,,,,,
,,,,,,,,,,,,,,,,> #OnlyH
,,,,,,,,,Coefficients:,,,,,,,> Only_batgalimalpha1H <- Only_batgalimalpha1 %>%
,,,,,,,,,                Estimate Std. Error t value Pr(>|t|)    ,,,,,,,"+   filter(!typefraction %in% c(""Crude"", ""D`"",""B`"", ""I`"", ""F`""))"
,,,,,,,,,(Intercept)    0.9802136  0.0019516 502.253   <2e-16 ***,,,,,,,"> temp_lm_shannon=lm(Shannon~Tempgroup, data=Only_batgalimalpha1H)"
,,,,,,,,,Tempgroupmild -0.0049903  0.0027600  -1.808    0.108    ,,,,,,,> summary(temp_lm_shannon)
,,,,,,,,,Tempgroupwarm -0.0007193  0.0024686  -0.291    0.778    ,,,,,,,
,,,,,,,,,---,,,,,,,Call:
,,,,,,,,,Signif. codes:  0 ‘***’ 0.001 ‘**’ 0.01 ‘*’ 0.05 ‘.’ 0.1 ‘ ’ 1,,,,,,,"lm(formula = Shannon ~ Tempgroup, data = Only_batgalimalpha1H)"
,,,,,,,,,,,,,,,,
,,,,,,,,,Residual standard error: 0.00338 on 8 degrees of freedom,,,,,,,Residuals:
,,,,,,,,,"Multiple R-squared:  0.3345,    Adjusted R-squared:  0.1682 ",,,,,,,     Min       1Q   Median       3Q      Max 
,,,,,,,,,"F-statistic: 2.011 on 2 and 8 DF,  p-value: 0.1961",,,,,,,-0.44706 -0.17381 -0.00286  0.20435  0.44706 
,,,,,,,,,,,,,,,,
,,,,,,,,,"> temp_lm_Sobs=lm(Sobs~Tempgroup, data=Only_Shikmonaalpha1Crude)",,,,,,,Coefficients:
,,,,,,,,,> summary(temp_lm_Sobs),,,,,,,              Estimate Std. Error t value Pr(>|t|)    
,,,,,,,,,,,,,,,,(Intercept)     4.7817     0.2526  18.934  1.4e-06 ***
,,,,,,,,,Call:,,,,,,,Tempgroupmild  -0.8735     0.3572  -2.446   0.0501 .  
,,,,,,,,,"lm(formula = Sobs ~ Tempgroup, data = Only_Shikmonaalpha1Crude)",,,,,,,Tempgroupwarm  -0.5674     0.2988  -1.899   0.1064    
,,,,,,,,,,,,,,,,---
,,,,,,,,,Residuals:,,,,,,,Signif. codes:  0 ‘***’ 0.001 ‘**’ 0.01 ‘*’ 0.05 ‘.’ 0.1 ‘ ’ 1
,,,,,,,,,   Min     1Q Median     3Q    Max ,,,,,,,
,,,,,,,,,-74.20 -30.60  24.33  31.40  49.80 ,,,,,,,Residual standard error: 0.3572 on 6 degrees of freedom
,,,,,,,,,,,,,,,,"Multiple R-squared:  0.5113,    Adjusted R-squared:  0.3484 "
,,,,,,,,,Coefficients:,,,,,,,"F-statistic: 3.139 on 2 and 6 DF,  p-value: 0.1167"
,,,,,,,,,              Estimate Std. Error t value Pr(>|t|)    ,,,,,,,
,,,,,,,,,(Intercept)    2599.00      28.42  91.453 2.28e-13 ***,,,,,,,"> temp_lm_simpson=lm(Simpson~Tempgroup, data=Only_batgalimalpha1H)"
,,,,,,,,,Tempgroupmild    24.67      40.19   0.614    0.556    ,,,,,,,> summary(temp_lm_simpson)
,,,,,,,,,Tempgroupwarm    40.20      35.95   1.118    0.296    ,,,,,,,
,,,,,,,,,---,,,,,,,Call:
,,,,,,,,,Signif. codes:  0 ‘***’ 0.001 ‘**’ 0.01 ‘*’ 0.05 ‘.’ 0.1 ‘ ’ 1,,,,,,,"lm(formula = Simpson ~ Tempgroup, data = Only_batgalimalpha1H)"
,,,,,,,,,,,,,,,,
,,,,,,,,,Residual standard error: 49.22 on 8 degrees of freedom,,,,,,,Residuals:
,,,,,,,,,"Multiple R-squared:  0.1352,    Adjusted R-squared:  -0.08099 ",,,,,,,     Min       1Q   Median       3Q      Max 
,,,,,,,,,"F-statistic: 0.6254 on 2 and 8 DF,  p-value: 0.5593",,,,,,,-0.03885 -0.02347  0.00050  0.01834  0.03885 
,,,,,,,,,,,,,,,,
,,,,,,,,,,,,,,,,Coefficients:
,,,,,,,,,,,,,,,,              Estimate Std. Error t value Pr(>|t|)    
,,,,,,,,,,,,,,,,(Intercept)    0.97210    0.02163  44.938 8.13e-09 ***
,,,,,,,,,,,,,,,,Tempgroupmild -0.06559    0.03059  -2.144   0.0757 .  
,,,,,,,,,,,,,,,,Tempgroupwarm -0.03650    0.02560  -1.426   0.2037    
,,,,,,,,,,,,,,,,---
,,,,,,,,,,,,,,,,Signif. codes:  0 ‘***’ 0.001 ‘**’ 0.01 ‘*’ 0.05 ‘.’ 0.1 ‘ ’ 1
,,,,,,,,,,,,,,,,
,,,,,,,,,,,,,,,,Residual standard error: 0.03059 on 6 degrees of freedom
,,,,,,,,,,,,,,,,"Multiple R-squared:  0.4355,    Adjusted R-squared:  0.2473 "
,,,,,,,,,,,,,,,,"F-statistic: 2.314 on 2 and 6 DF,  p-value: 0.1799"
,,,,,,,,,,,,,,,,
,,,,,,,,,,,,,,,,"> temp_lm_Sobs=lm(Sobs~Tempgroup, data=Only_batgalimalpha1H)"
,,,,,,,,,,,,,,,,> summary(temp_lm_Sobs)
,,,,,,,,,,,,,,,,
,,,,,,,,,,,,,,,,Call:
,,,,,,,,,,,,,,,,"lm(formula = Sobs ~ Tempgroup, data = Only_batgalimalpha1H)"
,,,,,,,,,,,,,,,,
,,,,,,,,,,,,,,,,Residuals:
,,,,,,,,,,,,,,,,   Min     1Q Median     3Q    Max 
,,,,,,,,,,,,,,,, -57.6  -24.6  -15.6   24.4   73.4 
,,,,,,,,,,,,,,,,
,,,,,,,,,,,,,,,,Coefficients:
,,,,,,,,,,,,,,,,              Estimate Std. Error t value Pr(>|t|)    
,,,,,,,,,,,,,,,,(Intercept)    2544.00      33.14  76.771 3.29e-10 ***
,,,,,,,,,,,,,,,,Tempgroupmild   -32.00      46.86  -0.683    0.520    
,,,,,,,,,,,,,,,,Tempgroupwarm   -17.40      39.21  -0.444    0.673    
,,,,,,,,,,,,,,,,---
,,,,,,,,,,,,,,,,Signif. codes:  0 ‘***’ 0.001 ‘**’ 0.01 ‘*’ 0.05 ‘.’ 0.1 ‘ ’ 1
,,,,,,,,,,,,,,,,
,,,,,,,,,,,,,,,,Residual standard error: 46.86 on 6 degrees of freedom
,,,,,,,,,,,,,,,,"Multiple R-squared:  0.07239,   Adjusted R-squared:  -0.2368 "
,,,,,,,,,,,,,,,,"F-statistic: 0.2341 on 2 and 6 DF,  p-value: 0.7982"
,,,,,,,,,,,,,,,,
,,,,,,,,,,,,,,,,> #OnlyCrude
,,,,,,,,,,,,,,,,> Only_batgalimalpha1Crude <- Only_batgalimalpha1 %>%
,,,,,,,,,,,,,,,,"+   filter(!typefraction %in% c(""H`"", ""D`"",""B`"", ""I`"", ""F`""))"
,,,,,,,,,,,,,,,,"> temp_lm_shannon=lm(Shannon~Tempgroup, data=Only_batgalimalpha1Crude)"
,,,,,,,,,,,,,,,,> summary(temp_lm_shannon)
,,,,,,,,,,,,,,,,
,,,,,,,,,,,,,,,,Call:
,,,,,,,,,,,,,,,,"lm(formula = Shannon ~ Tempgroup, data = Only_batgalimalpha1Crude)"
,,,,,,,,,,,,,,,,
,,,,,,,,,,,,,,,,Residuals:
,,,,,,,,,,,,,,,,     Min       1Q   Median       3Q      Max 
,,,,,,,,,,,,,,,,-0.60572 -0.03170  0.03719  0.15743  0.44915 
,,,,,,,,,,,,,,,,
,,,,,,,,,,,,,,,,Coefficients:
,,,,,,,,,,,,,,,,              Estimate Std. Error t value Pr(>|t|)    
,,,,,,,,,,,,,,,,(Intercept)     5.1515     0.2446  21.063 1.37e-07 ***
,,,,,,,,,,,,,,,,Tempgroupmild  -0.3190     0.3158  -1.010   0.3460    
,,,,,,,,,,,,,,,,Tempgroupwarm  -0.6646     0.2894  -2.297   0.0553 .  
,,,,,,,,,,,,,,,,---
,,,,,,,,,,,,,,,,Signif. codes:  0 ‘***’ 0.001 ‘**’ 0.01 ‘*’ 0.05 ‘.’ 0.1 ‘ ’ 1
,,,,,,,,,,,,,,,,
,,,,,,,,,,,,,,,,Residual standard error: 0.3459 on 7 degrees of freedom
,,,,,,,,,,,,,,,,"Multiple R-squared:  0.4488,    Adjusted R-squared:  0.2914 "
,,,,,,,,,,,,,,,,"F-statistic:  2.85 on 2 and 7 DF,  p-value: 0.1243"
,,,,,,,,,,,,,,,,
,,,,,,,,,,,,,,,,"> temp_lm_simpson=lm(Simpson~Tempgroup, data=Only_batgalimalpha1Crude)"
,,,,,,,,,,,,,,,,> summary(temp_lm_simpson)
,,,,,,,,,,,,,,,,
,,,,,,,,,,,,,,,,Call:
,,,,,,,,,,,,,,,,"lm(formula = Simpson ~ Tempgroup, data = Only_batgalimalpha1Crude)"
,,,,,,,,,,,,,,,,
,,,,,,,,,,,,,,,,Residuals:
,,,,,,,,,,,,,,,,      Min        1Q    Median        3Q       Max 
,,,,,,,,,,,,,,,,-0.022350 -0.006114  0.000000  0.006128  0.022306 
,,,,,,,,,,,,,,,,
,,,,,,,,,,,,,,,,Coefficients:
,,,,,,,,,,,,,,,,              Estimate Std. Error t value Pr(>|t|)    
,,,,,,,,,,,,,,,,(Intercept)    0.98302    0.01068  92.071  4.7e-12 ***
,,,,,,,,,,,,,,,,Tempgroupmild -0.01377    0.01378  -0.999   0.3512    
,,,,,,,,,,,,,,,,Tempgroupwarm -0.02982    0.01263  -2.360   0.0503 .  
,,,,,,,,,,,,,,,,---
,,,,,,,,,,,,,,,,Signif. codes:  0 ‘***’ 0.001 ‘**’ 0.01 ‘*’ 0.05 ‘.’ 0.1 ‘ ’ 1
,,,,,,,,,,,,,,,,
,,,,,,,,,,,,,,,,Residual standard error: 0.0151 on 7 degrees of freedom
,,,,,,,,,,,,,,,,"Multiple R-squared:  0.4654,    Adjusted R-squared:  0.3126 "
,,,,,,,,,,,,,,,,"F-statistic: 3.046 on 2 and 7 DF,  p-value: 0.1117"
,,,,,,,,,,,,,,,,
,,,,,,,,,,,,,,,,"> temp_lm_Sobs=lm(Sobs~Tempgroup, data=Only_batgalimalpha1Crude)"
,,,,,,,,,,,,,,,,> summary(temp_lm_Sobs)
,,,,,,,,,,,,,,,,
,,,,,,,,,,,,,,,,Call:
,,,,,,,,,,,,,,,,"lm(formula = Sobs ~ Tempgroup, data = Only_batgalimalpha1Crude)"
,,,,,,,,,,,,,,,,
,,,,,,,,,,,,,,,,Residuals:
,,,,,,,,,,,,,,,,    Min      1Q  Median      3Q     Max 
,,,,,,,,,,,,,,,,-274.40  -24.88   27.55   68.65  108.60 
,,,,,,,,,,,,,,,,
,,,,,,,,,,,,,,,,Coefficients:
,,,,,,,,,,,,,,,,              Estimate Std. Error t value Pr(>|t|)    
,,,,,,,,,,,,,,,,(Intercept)     2598.5       87.4  29.730 1.26e-08 ***
,,,,,,,,,,,,,,,,Tempgroupmild     74.5      112.8   0.660    0.530    
,,,,,,,,,,,,,,,,Tempgroupwarm    -38.1      103.4  -0.368    0.723    
,,,,,,,,,,,,,,,,---
,,,,,,,,,,,,,,,,Signif. codes:  0 ‘***’ 0.001 ‘**’ 0.01 ‘*’ 0.05 ‘.’ 0.1 ‘ ’ 1
,,,,,,,,,,,,,,,,
,,,,,,,,,,,,,,,,Residual standard error: 123.6 on 7 degrees of freedom
,,,,,,,,,,,,,,,,"Multiple R-squared:  0.182,     Adjusted R-squared:  -0.05168 "
,,,,,,,,,,,,,,,,"F-statistic: 0.7789 on 2 and 7 DF,  p-value: 0.495"
