Both,,,,,,only Bat galim,,,,,,,,,,Only Shikmona,,,,
Analysis of Variance of Aligned Rank Transformed Data,,,,,,,,,,,,,,,,,,,,
,,,,,,"> shannon_test = art(Shannon ~ as.factor(Tempgroup), data=metadataalpha) # uses a linear mixed model",,,,,,,,,,                       Df Df.res F value Pr(>F)  ,,,,
Table Type: Anova Table (Type III tests) ,,,,,,> anova_shannon_test=anova(shannon_test),,,,,,,,,,1 as.factor(Tempgroup)  2     63 0.89337 0.4144  ,,,,
Model: No Repeated Measures (lm),,,,,,> anova_shannon_test,,,,,,,,,,---,,,,
Response: art(Shannon),,,,,,Analysis of Variance of Aligned Rank Transformed Data,,,,,,,,,,Signif. codes:   0 ‘***’ 0.001 ‘**’ 0.01 ‘*’ 0.05 ‘.’ 0.1 ‘ ’ 1 ,,,,
,,,,,,,,,,,,,,,,"> shannon_test = art(Shannon ~ as.factor(waterTemp), data=metadataalpha) # uses a linear mixed model",,,,
                       Df Df.res F value  Pr(>F)  ,,,,,,Table Type: Anova Table (Type III tests) ,,,,,,,,,,> anova_shannon_test=anova(shannon_test),,,,
1 as.factor(Tempgroup)  2    118  1.1831 0.30993  ,,,,,,Model: No Repeated Measures (lm),,,,,,,,,,> anova_shannon_test,,,,
---,,,,,,Response: art(Shannon),,,,,,,,,,Analysis of Variance of Aligned Rank Transformed Data,,,,
Signif. codes:   0 ‘***’ 0.001 ‘**’ 0.01 ‘*’ 0.05 ‘.’ 0.1 ‘ ’ 1 ,,,,,,,,,,,,,,,,,,,,
"> shannon_test = art(Shannon ~ as.factor(waterTemp), data=metadataalpha) # uses a linear mixed model",,,,,,                       Df Df.res  F value  Pr(>F)  ,,,,,,,,,,Table Type: Anova Table (Type III tests) ,,,,
> anova_shannon_test=anova(shannon_test),,,,,,1 as.factor(Tempgroup)  2     52 0.092345 0.91194  ,,,,,,,,,,Model: No Repeated Measures (lm),,,,
> anova_shannon_test,,,,,,---,,,,,,,,,,Response: art(Shannon),,,,
Analysis of Variance of Aligned Rank Transformed Data,,,,,,Signif. codes:   0 ‘***’ 0.001 ‘**’ 0.01 ‘*’ 0.05 ‘.’ 0.1 ‘ ’ 1 ,,,,,,,,,,,,,,
,,,,,,"> shannon_test = art(Shannon ~ as.factor(waterTemp), data=metadataalpha) # uses a linear mixed model",,,,,,,,,,                       Df Df.res F value  Pr(>F)  ,,,,
Table Type: Anova Table (Type III tests) ,,,,,,> anova_shannon_test=anova(shannon_test),,,,,,,,,,1 as.factor(waterTemp)  8     57 0.39426 0.91921  ,,,,
Model: No Repeated Measures (lm),,,,,,> anova_shannon_test,,,,,,,,,,---,,,,
Response: art(Shannon),,,,,,Analysis of Variance of Aligned Rank Transformed Data,,,,,,,,,,Signif. codes:   0 ‘***’ 0.001 ‘**’ 0.01 ‘*’ 0.05 ‘.’ 0.1 ‘ ’ 1 ,,,,
,,,,,,,,,,,,,,,,,,,,
                       Df Df.res F value  Pr(>F)  ,,,,,,Table Type: Anova Table (Type III tests) ,,,,,,,,,,#OnlyB,,,,
1 as.factor(waterTemp) 10    110 0.57784 0.82902  ,,,,,,Model: No Repeated Measures (lm),,,,,,,,,,> bothalpha1B <- metadataalpha1 %>%,,,,
---,,,,,,Response: art(Shannon),,,,,,,,,,"+   filter(!typefraction %in% c(""Crude"", ""H`"",""D`"", ""I`"", ""F`""))",,,,
Signif. codes:   0 ‘***’ 0.001 ‘**’ 0.01 ‘*’ 0.05 ‘.’ 0.1 ‘ ’ 1 ,,,,,,,,,,,,,,,,"> temp_lm_shannon=lm(Shannon~Tempgroup, data=bothalpha1B)",,,,
,,,,,,                       Df Df.res F value  Pr(>F)  ,,,,,,,,,,> summary(temp_lm_shannon),,,,
#OnlyB,,,,,,1 as.factor(waterTemp)  9     45 0.88652 0.54447  ,,,,,,,,,,,,,,
> bothalpha1B <- metadataalpha1 %>%,,,,,,---,,,,,,,,,,Call:,,,,
"+   filter(!typefraction %in% c(""Crude"", ""H`"",""D`"", ""I`"", ""F`""))",,,,,,Signif. codes:   0 ‘***’ 0.001 ‘**’ 0.01 ‘*’ 0.05 ‘.’ 0.1 ‘ ’ 1 ,,,,,,,,,,"lm(formula = Shannon ~ Tempgroup, data = bothalpha1B)",,,,
"> temp_lm_shannon=lm(Shannon~Tempgroup, data=bothalpha1B)",,,,,,,,,,,,,,,,,,,,
> summary(temp_lm_shannon),,,,,,only B,,,,,,,,,,Residuals:,,,,
,,,,,,,,,,,,,,,,     Min       1Q   Median       3Q      Max ,,,,
Call:,,,,,," temp_lm_Sobs=lm(Sobs~Tempgroup, data=bothalpha1D)",,,,,,,,,,-0.83701 -0.28353 -0.06431  0.22187  1.59874 ,,,,
"lm(formula = Shannon ~ Tempgroup, data = bothalpha1B)",,,,,,"> temp_lm_shannon=lm(Shannon~Tempgroup, data=bothalpha1B)",,,,,,,,,,,,,,
,,,,,,> summary(temp_lm_shannon),,,,,,,,,,Coefficients:,,,,
Residuals:,,,,,,,,,,,,,,,,              Estimate Std. Error t value Pr(>|t|)    ,,,,
     Min       1Q   Median       3Q      Max ,,,,,,Call:,,,,,,,,,,(Intercept)     4.6999     0.4174  11.259 3.48e-06 ***,,,,
-0.92116 -0.43315  0.05162  0.22166  1.85294 ,,,,,,"lm(formula = Shannon ~ Tempgroup, data = bothalpha1B)",,,,,,,,,,Tempgroupmild  -0.8076     0.5903  -1.368    0.209    ,,,,
,,,,,,,,,,,,,,,,Tempgroupwarm  -1.1449     0.5280  -2.168    0.062 .  ,,,,
Coefficients:,,,,,,Residuals:,,,,,,,,,,---,,,,
              Estimate Std. Error t value Pr(>|t|)    ,,,,,,    Min      1Q  Median      3Q     Max ,,,,,,,,,,Signif. codes:  0 ‘***’ 0.001 ‘**’ 0.01 ‘*’ 0.05 ‘.’ 0.1 ‘ ’ 1,,,,
(Intercept)     4.5377     0.2815  16.121 9.81e-12 ***,,,,,,-0.7143 -0.3347  0.3085  0.3598  0.3932 ,,,,,,,,,,,,,,
Tempgroupmild  -0.6474     0.3981  -1.626  0.12227    ,,,,,,,,,,,,,,,,Residual standard error: 0.723 on 8 degrees of freedom,,,,
Tempgroupwarm  -1.2321     0.3447  -3.574  0.00234 ** ,,,,,,Coefficients:,,,,,,,,,,"Multiple R-squared:  0.3719,    Adjusted R-squared:  0.2149 ",,,,
---,,,,,,              Estimate Std. Error t value Pr(>|t|)    ,,,,,,,,,,"F-statistic: 2.369 on 2 and 8 DF,  p-value: 0.1556",,,,
Signif. codes:  0 ‘***’ 0.001 ‘**’ 0.01 ‘*’ 0.05 ‘.’ 0.1 ‘ ’ 1,,,,,,(Intercept)     3.5877     0.3546  10.116 5.42e-05 ***,,,,,,,,,,,,,,
,,,,,,Tempgroupmild   0.2610     0.5015   0.520    0.621    ,,,,,,,,,,"> temp_lm_simpson=lm(Simpson~Tempgroup, data=bothalpha1B)",,,,
Residual standard error: 0.6294 on 17 degrees of freedom,,,,,,Tempgroupwarm  -0.4880     0.4196  -1.163    0.289    ,,,,,,,,,,> summary(temp_lm_simpson),,,,
"Multiple R-squared:  0.4345,    Adjusted R-squared:  0.3679 ",,,,,,---,,,,,,,,,,,,,,
"F-statistic:  6.53 on 2 and 17 DF,  p-value: 0.007867",,,,,,Signif. codes:  0 ‘***’ 0.001 ‘**’ 0.01 ‘*’ 0.05 ‘.’ 0.1 ‘ ’ 1,,,,,,,,,,Call:,,,,
,,,,,,,,,,,,,,,,"lm(formula = Simpson ~ Tempgroup, data = bothalpha1B)",,,,
"> temp_lm_simpson=lm(Simpson~Tempgroup, data=bothalpha1B)",,,,,,Residual standard error: 0.5015 on 6 degrees of freedom,,,,,,,,,,,,,,
> summary(temp_lm_simpson),,,,,,"Multiple R-squared:  0.3782,    Adjusted R-squared:  0.171 ",,,,,,,,,,Residuals:,,,,
,,,,,,"F-statistic: 1.825 on 2 and 6 DF,  p-value: 0.2404",,,,,,,,,,      Min        1Q    Median        3Q       Max ,,,,
Call:,,,,,,,,,,,,,,,,-0.060016 -0.023277 -0.005455  0.017849  0.113031 ,,,,
"lm(formula = Simpson ~ Tempgroup, data = bothalpha1B)",,,,,,"> temp_lm_simpson=lm(Simpson~Tempgroup, data=bothalpha1B)",,,,,,,,,,,,,,
,,,,,,> summary(temp_lm_simpson),,,,,,,,,,Coefficients:,,,,
Residuals:,,,,,,,,,,,,,,,,              Estimate Std. Error t value Pr(>|t|)    ,,,,
      Min        1Q    Median        3Q       Max ,,,,,,Call:,,,,,,,,,,(Intercept)    0.96440    0.03025  31.878 1.02e-09 ***,,,,
-0.092060 -0.033223  0.006533  0.027310  0.127185 ,,,,,,"lm(formula = Simpson ~ Tempgroup, data = bothalpha1B)",,,,,,,,,,Tempgroupmild -0.07229    0.04278  -1.690    0.130    ,,,,
,,,,,,,,,,,,,,,,Tempgroupwarm -0.09696    0.03827  -2.534    0.035 *  ,,,,
Coefficients:,,,,,,Residuals:,,,,,,,,,,---,,,,
              Estimate Std. Error t value Pr(>|t|)    ,,,,,,     Min       1Q   Median       3Q      Max ,,,,,,,,,,Signif. codes:  0 ‘***’ 0.001 ‘**’ 0.01 ‘*’ 0.05 ‘.’ 0.1 ‘ ’ 1,,,,
(Intercept)    0.94852    0.02200  43.118  < 2e-16 ***,,,,,,-0.08123 -0.03096  0.02768  0.03920  0.05449 ,,,,,,,,,,,,,,
Tempgroupmild -0.05557    0.03111  -1.786  0.09188 .  ,,,,,,,,,,,,,,,,Residual standard error: 0.0524 on 8 degrees of freedom,,,,
Tempgroupwarm -0.09563    0.02694  -3.550  0.00246 ** ,,,,,,Coefficients:,,,,,,,,,,"Multiple R-squared:  0.4494,    Adjusted R-squared:  0.3117 ",,,,
---,,,,,,              Estimate Std. Error t value Pr(>|t|)    ,,,,,,,,,,"F-statistic: 3.264 on 2 and 8 DF,  p-value: 0.09192",,,,
Signif. codes:  0 ‘***’ 0.001 ‘**’ 0.01 ‘*’ 0.05 ‘.’ 0.1 ‘ ’ 1,,,,,,(Intercept)   0.838301   0.040082  20.915 7.78e-07 ***,,,,,,,,,,,,,,
,,,,,,Tempgroupmild 0.065188   0.056685   1.150    0.294    ,,,,,,,,,,"> temp_lm_Sobs=lm(Sobs~Tempgroup, data=bothalpha1B)",,,,
Residual standard error: 0.04919 on 17 degrees of freedom,,,,,,Tempgroupwarm 0.004204   0.047426   0.089    0.932    ,,,,,,,,,,> summary(temp_lm_Sobs),,,,
"Multiple R-squared:  0.4277,    Adjusted R-squared:  0.3603 ",,,,,,---,,,,,,,,,,,,,,
"F-statistic: 6.352 on 2 and 17 DF,  p-value: 0.008709",,,,,,Signif. codes:  0 ‘***’ 0.001 ‘**’ 0.01 ‘*’ 0.05 ‘.’ 0.1 ‘ ’ 1,,,,,,,,,,Call:,,,,
,,,,,,,,,,,,,,,,"lm(formula = Sobs ~ Tempgroup, data = bothalpha1B)",,,,
"> temp_lm_Sobs=lm(Sobs~Tempgroup, data=bothalpha1B)",,,,,,Residual standard error: 0.05668 on 6 degrees of freedom,,,,,,,,,,,,,,
> summary(temp_lm_Sobs),,,,,,"Multiple R-squared:  0.2386,    Adjusted R-squared:  -0.01523 ",,,,,,,,,,Residuals:,,,,
,,,,,,"F-statistic:  0.94 on 2 and 6 DF,  p-value: 0.4415",,,,,,,,,,    Min      1Q  Median      3Q     Max ,,,,
Call:,,,,,,,,,,,,,,,,-123.80  -51.07  -27.33   36.50  213.20 ,,,,
"lm(formula = Sobs ~ Tempgroup, data = bothalpha1B)",,,,,,"> temp_lm_Sobs=lm(Sobs~Tempgroup, data=bothalpha1B)",,,,,,,,,,,,,,
,,,,,,> summary(temp_lm_Sobs),,,,,,,,,,Coefficients:,,,,
Residuals:,,,,,,,,,,,,,,,,              Estimate Std. Error t value Pr(>|t|)    ,,,,
   Min     1Q Median     3Q    Max ,,,,,,Call:,,,,,,,,,,(Intercept)    2734.33      62.17  43.985 7.88e-11 ***,,,,
-177.0  -69.5   -5.8   52.6  226.0 ,,,,,,"lm(formula = Sobs ~ Tempgroup, data = bothalpha1B)",,,,,,,,,,Tempgroupmild  -126.67      87.92  -1.441   0.1876    ,,,,
,,,,,,,,,,,,,,,,Tempgroupwarm  -203.53      78.63  -2.588   0.0322 *  ,,,,
Coefficients:,,,,,,Residuals:,,,,,,,,,,,,,,
              Estimate Std. Error t value Pr(>|t|)    ,,,,,,   Min     1Q Median     3Q    Max ,,,,,,,,,,#OnlyD,,,,
(Intercept)    2696.60      45.15  59.721  < 2e-16 ***,,,,,,-124.2  -16.5    5.8   16.5  144.8 ,,,,,,,,,,> bothalpha1D <- metadataalpha1 %>%,,,,
Tempgroupmild  -141.40      63.86  -2.214  0.04076 *  ,,,,,,,,,,,,,,,,"+   filter(!typefraction %in% c(""Crude"", ""H`"",""B`"", ""I`"", ""F`""))",,,,
Tempgroupwarm  -210.60      55.30  -3.808  0.00141 ** ,,,,,,Coefficients:,,,,,,,,,,"> temp_lm_shannon=lm(Shannon~Tempgroup, data=bothalpha1D)",,,,
---,,,,,,              Estimate Std. Error t value Pr(>|t|)    ,,,,,,,,,,> summary(temp_lm_shannon),,,,
Signif. codes:  0 ‘***’ 0.001 ‘**’ 0.01 ‘*’ 0.05 ‘.’ 0.1 ‘ ’ 1,,,,,,(Intercept)    2502.50      64.30  38.919 1.92e-08 ***,,,,,,,,,,,,,,
,,,,,,Tempgroupmild  -130.50      90.94  -1.435   0.2013    ,,,,,,,,,,Call:,,,,
Residual standard error: 101 on 17 degrees of freedom,,,,,,Tempgroupwarm  -175.30      76.08  -2.304   0.0608 .  ,,,,,,,,,,"lm(formula = Shannon ~ Tempgroup, data = bothalpha1D)",,,,
"Multiple R-squared:  0.4604,    Adjusted R-squared:  0.3969 ",,,,,,---,,,,,,,,,,,,,,
"F-statistic: 7.251 on 2 and 17 DF,  p-value: 0.005283",,,,,,Signif. codes:  0 ‘***’ 0.001 ‘**’ 0.01 ‘*’ 0.05 ‘.’ 0.1 ‘ ’ 1,,,,,,,,,,Residuals:,,,,
,,,,,,,,,,,,,,,,    Min      1Q  Median      3Q     Max ,,,,
> #OnlyD,,,,,,Residual standard error: 90.94 on 6 degrees of freedom,,,,,,,,,,-0.5083 -0.2674  0.1073  0.1721  0.4925 ,,,,
> bothalpha1D <- metadataalpha1 %>%,,,,,,"Multiple R-squared:  0.4697,    Adjusted R-squared:  0.2929 ",,,,,,,,,,,,,,
"+   filter(!typefraction %in% c(""Crude"", ""H`"",""B`"", ""I`"", ""F`""))",,,,,,"F-statistic: 2.657 on 2 and 6 DF,  p-value: 0.1491",,,,,,,,,,Coefficients:,,,,
"> temp_lm_shannon=lm(Shannon~Tempgroup, data=bothalpha1D)",,,,,,,,,,,,,,,,              Estimate Std. Error t value Pr(>|t|)    ,,,,
> summary(temp_lm_shannon),,,,,,,,,,,,,,,,(Intercept)     3.5909     0.2028  17.708 1.06e-07 ***,,,,
,,,,,,,,,,,,,,,,Tempgroupmild  -0.2974     0.2868  -1.037    0.330    ,,,,
Call:,,,,,,only D,,,,,,,,,,Tempgroupwarm   0.1850     0.2565   0.721    0.491    ,,,,
"lm(formula = Shannon ~ Tempgroup, data = bothalpha1D)",,,,,,all:,,,,,,,,,,---,,,,
,,,,,,"lm(formula = Shannon ~ Tempgroup, data = bothalpha1D)",,,,,,,,,,Signif. codes:  0 ‘***’ 0.001 ‘**’ 0.01 ‘*’ 0.05 ‘.’ 0.1 ‘ ’ 1,,,,
Residuals:,,,,,,,,,,,,,,,,,,,,
     Min       1Q   Median       3Q      Max ,,,,,,Residuals:,,,,,,,,,,Residual standard error: 0.3512 on 8 degrees of freedom,,,,
-0.91767 -0.43025  0.05967  0.43095  0.81187 ,,,,,,     Min       1Q   Median       3Q      Max ,,,,,,,,,,"Multiple R-squared:  0.3067,    Adjusted R-squared:  0.1333 ",,,,
,,,,,,-0.63028 -0.33040  0.00726  0.33040  0.65748 ,,,,,,,,,,"F-statistic: 1.769 on 2 and 8 DF,  p-value: 0.2311",,,,
Coefficients:,,,,,,,,,,,,,,,,,,,,
              Estimate Std. Error t value Pr(>|t|)    ,,,,,,Coefficients:,,,,,,,,,,"> temp_lm_simpson=lm(Simpson~Tempgroup, data=bothalpha1D)",,,,
(Intercept)     3.0560     0.2335  13.087 2.64e-10 ***,,,,,,              Estimate Std. Error t value Pr(>|t|)    ,,,,,,,,,,> summary(temp_lm_simpson),,,,
Tempgroupmild   0.3339     0.3302   1.011   0.3261    ,,,,,,(Intercept)     2.3009     0.3623   6.351 0.000714 ***,,,,,,,,,,,,,,
Tempgroupwarm   0.7447     0.2860   2.604   0.0185 *  ,,,,,,Tempgroupmild   1.2841     0.5124   2.506 0.046144 *  ,,,,,,,,,,Call:,,,,
---,,,,,,Tempgroupwarm   1.5681     0.4287   3.658 0.010607 *  ,,,,,,,,,,"lm(formula = Simpson ~ Tempgroup, data = bothalpha1D)",,,,
Signif. codes:  0 ‘***’ 0.001 ‘**’ 0.01 ‘*’ 0.05 ‘.’ 0.1 ‘ ’ 1,,,,,,---,,,,,,,,,,,,,,
,,,,,,Signif. codes:  0 ‘***’ 0.001 ‘**’ 0.01 ‘*’ 0.05 ‘.’ 0.1 ‘ ’ 1,,,,,,,,,,Residuals:,,,,
Residual standard error: 0.5221 on 17 degrees of freedom,,,,,,,,,,,,,,,,     Min       1Q   Median       3Q      Max ,,,,
"Multiple R-squared:  0.2959,    Adjusted R-squared:  0.213 ",,,,,,Residual standard error: 0.5124 on 6 degrees of freedom,,,,,,,,,,-0.05228 -0.02143  0.01149  0.01935  0.03735 ,,,,
"F-statistic: 3.572 on 2 and 17 DF,  p-value: 0.0507",,,,,,"Multiple R-squared:  0.6929,    Adjusted R-squared:  0.5906 ",,,,,,,,,,,,,,
,,,,,,"F-statistic:  6.77 on 2 and 6 DF,  p-value: 0.02896",,,,,,,,,,Coefficients:,,,,
"> temp_lm_simpson=lm(Simpson~Tempgroup, data=bothalpha1D)",,,,,,,,,,,,,,,,              Estimate Std. Error t value Pr(>|t|)    ,,,,
> summary(temp_lm_simpson),,,,,,"> temp_lm_simpson=lm(Simpson~Tempgroup, data=bothalpha1D)",,,,,,,,,,(Intercept)    0.85906    0.02034  42.225 1.09e-10 ***,,,,
,,,,,,> summary(temp_lm_simpson),,,,,,,,,,Tempgroupmild -0.01878    0.02877  -0.653    0.532    ,,,,
Call:,,,,,,,,,,,,,,,,Tempgroupwarm  0.03041    0.02573   1.182    0.271    ,,,,
"lm(formula = Simpson ~ Tempgroup, data = bothalpha1D)",,,,,,Call:,,,,,,,,,,---,,,,
,,,,,,"lm(formula = Simpson ~ Tempgroup, data = bothalpha1D)",,,,,,,,,,Signif. codes:  0 ‘***’ 0.001 ‘**’ 0.01 ‘*’ 0.05 ‘.’ 0.1 ‘ ’ 1,,,,
Residuals:,,,,,,,,,,,,,,,,,,,,
      Min        1Q    Median        3Q       Max ,,,,,,,,,,,,,,,,Residual standard error: 0.03524 on 8 degrees of freedom,,,,
-0.129649 -0.032056  0.009009  0.026584  0.097678 ,,,,,,#OnlyF,,,,,,,,,,"Multiple R-squared:  0.328,     Adjusted R-squared:   0.16 ",,,,
,,,,,,> bothalpha1F <- metadataalpha1 %>%,,,,,,,,,,"F-statistic: 1.952 on 2 and 8 DF,  p-value: 0.204",,,,
Coefficients:,,,,,,"+   filter(!typefraction %in% c(""Crude"", ""H`"",""D`"", ""I`"", ""B`""))",,,,,,,,,,,,,,
              Estimate Std. Error t value Pr(>|t|)    ,,,,,,"> temp_lm_shannon=lm(Shannon~Tempgroup, data=bothalpha1F)",,,,,,,,,,"> temp_lm_Sobs=lm(Sobs~Tempgroup, data=bothalpha1D)",,,,
(Intercept)    0.79674    0.02492  31.974  < 2e-16 ***,,,,,,> summary(temp_lm_shannon),,,,,,,,,,> summary(temp_lm_Sobs),,,,
Tempgroupmild  0.05208    0.03524   1.478  0.15771    ,,,,,,,,,,,,,,,,,,,,
Tempgroupwarm  0.09152    0.03052   2.999  0.00808 ** ,,,,,,Call:,,,,,,,,,,Call:,,,,
---,,,,,,"lm(formula = Shannon ~ Tempgroup, data = bothalpha1F)",,,,,,,,,,"lm(formula = Sobs ~ Tempgroup, data = bothalpha1D)",,,,
Signif. codes:  0 ‘***’ 0.001 ‘**’ 0.01 ‘*’ 0.05 ‘.’ 0.1 ‘ ’ 1,,,,,,,,,,,,,,,,,,,,
,,,,,,Residuals:,,,,,,,,,,Residuals:,,,,
Residual standard error: 0.05572 on 17 degrees of freedom,,,,,,     Min       1Q   Median       3Q      Max ,,,,,,,,,,   Min     1Q Median     3Q    Max ,,,,
"Multiple R-squared:  0.3484,    Adjusted R-squared:  0.2717 ",,,,,,-0.39165 -0.14111  0.00685  0.12215  0.58897 ,,,,,,,,,,-85.33 -46.37  -0.40  37.63 138.67 ,,,,
"F-statistic: 4.544 on 2 and 17 DF,  p-value: 0.02624",,,,,,,,,,,,,,,,,,,,
,,,,,,Coefficients:,,,,,,,,,,Coefficients:,,,,
"> temp_lm_Sobs=lm(Sobs~Tempgroup, data=bothalpha1D)",,,,,,              Estimate Std. Error t value Pr(>|t|)    ,,,,,,,,,,              Estimate Std. Error t value Pr(>|t|)    ,,,,
> summary(temp_lm_Sobs),,,,,,(Intercept)     3.1211     0.2269  13.755 9.18e-06 ***,,,,,,,,,,(Intercept)    2598.33      42.79  60.728 6.01e-12 ***,,,,
,,,,,,Tempgroupmild   0.4586     0.3209   1.429    0.203    ,,,,,,,,,,Tempgroupmild  -100.00      60.51  -1.653   0.1370    ,,,,
Call:,,,,,,Tempgroupwarm   0.7463     0.2685   2.780    0.032 *  ,,,,,,,,,,Tempgroupwarm  -115.93      54.12  -2.142   0.0646 .  ,,,,
"lm(formula = Sobs ~ Tempgroup, data = bothalpha1D)",,,,,,---,,,,,,,,,,---,,,,
,,,,,,Signif. codes:  0 ‘***’ 0.001 ‘**’ 0.01 ‘*’ 0.05 ‘.’ 0.1 ‘ ’ 1,,,,,,,,,,Signif. codes:  0 ‘***’ 0.001 ‘**’ 0.01 ‘*’ 0.05 ‘.’ 0.1 ‘ ’ 1,,,,
Residuals:,,,,,,,,,,,,,,,,,,,,
    Min      1Q  Median      3Q     Max ,,,,,,Residual standard error: 0.3209 on 6 degrees of freedom,,,,,,,,,,Residual standard error: 74.11 on 8 degrees of freedom,,,,
-106.80  -55.83  -42.85   33.50  188.10 ,,,,,,"Multiple R-squared:  0.5656,    Adjusted R-squared:  0.4208 ",,,,,,,,,,"Multiple R-squared:  0.3794,    Adjusted R-squared:  0.2242 ",,,,
,,,,,,"F-statistic: 3.906 on 2 and 6 DF,  p-value: 0.08199",,,,,,,,,,"F-statistic: 2.445 on 2 and 8 DF,  p-value: 0.1484",,,,
Coefficients:,,,,,,,,,,,,,,,,,,,,
              Estimate Std. Error t value Pr(>|t|)    ,,,,,,"> temp_lm_simpson=lm(Simpson~Tempgroup, data=bothalpha1F)",,,,,,,,,,> #OnlyF,,,,
(Intercept)    2525.80      44.53  56.723   <2e-16 ***,,,,,,> summary(temp_lm_simpson),,,,,,,,,,> bothalpha1F <- metadataalpha1 %>%,,,,
Tempgroupmild   -42.20      62.97  -0.670    0.512    ,,,,,,,,,,,,,,,,"+   filter(!typefraction %in% c(""Crude"", ""H`"",""D`"", ""I`"", ""B`""))",,,,
Tempgroupwarm    -9.90      54.54  -0.182    0.858    ,,,,,,Call:,,,,,,,,,,"> temp_lm_shannon=lm(Shannon~Tempgroup, data=bothalpha1F)",,,,
---,,,,,,"lm(formula = Simpson ~ Tempgroup, data = bothalpha1F)",,,,,,,,,,> summary(temp_lm_shannon),,,,
Signif. codes:  0 ‘***’ 0.001 ‘**’ 0.01 ‘*’ 0.05 ‘.’ 0.1 ‘ ’ 1,,,,,,,,,,,,,,,,,,,,
,,,,,,Residuals:,,,,,,,,,,Call:,,,,
Residual standard error: 99.57 on 17 degrees of freedom,,,,,,      Min        1Q    Median        3Q       Max ,,,,,,,,,,"lm(formula = Shannon ~ Tempgroup, data = bothalpha1F)",,,,
"Multiple R-squared:  0.02926,   Adjusted R-squared:  -0.08495 ",,,,,,-0.037046 -0.018305  0.001581  0.019737  0.034033 ,,,,,,,,,,,,,,
"F-statistic: 0.2562 on 2 and 17 DF,  p-value: 0.7769",,,,,,,,,,,,,,,,Residuals:,,,,
,,,,,,Coefficients:,,,,,,,,,,    Min      1Q  Median      3Q     Max ,,,,
> #OnlyF,,,,,,              Estimate Std. Error t value Pr(>|t|)    ,,,,,,,,,,-0.6534 -0.3657 -0.1393  0.5179  0.7300 ,,,,
> bothalpha1F <- metadataalpha1 %>%,,,,,,(Intercept)    0.82787    0.02152  38.467 2.06e-08 ***,,,,,,,,,,,,,,
"+   filter(!typefraction %in% c(""Crude"", ""H`"",""D`"", ""I`"", ""B`""))",,,,,,Tempgroupmild  0.02995    0.03044   0.984   0.3631    ,,,,,,,,,,Coefficients:,,,,
"> temp_lm_shannon=lm(Shannon~Tempgroup, data=bothalpha1F)",,,,,,Tempgroupwarm  0.07678    0.02546   3.015   0.0235 *  ,,,,,,,,,,              Estimate Std. Error t value Pr(>|t|)    ,,,,
> summary(temp_lm_shannon),,,,,,---,,,,,,,,,,(Intercept)    3.71772    0.34457  10.789  4.8e-06 ***,,,,
,,,,,,Signif. codes:  0 ‘***’ 0.001 ‘**’ 0.01 ‘*’ 0.05 ‘.’ 0.1 ‘ ’ 1,,,,,,,,,,Tempgroupmild -0.25100    0.48729  -0.515    0.620    ,,,,
Call:,,,,,,,,,,,,,,,,Tempgroupwarm -0.08626    0.43585  -0.198    0.848    ,,,,
"lm(formula = Shannon ~ Tempgroup, data = bothalpha1F)",,,,,,Residual standard error: 0.03044 on 6 degrees of freedom,,,,,,,,,,---,,,,
,,,,,,"Multiple R-squared:  0.628,     Adjusted R-squared:  0.5041 ",,,,,,,,,,Signif. codes:  0 ‘***’ 0.001 ‘**’ 0.01 ‘*’ 0.05 ‘.’ 0.1 ‘ ’ 1,,,,
Residuals:,,,,,,"F-statistic: 5.066 on 2 and 6 DF,  p-value: 0.05146",,,,,,,,,,,,,,
     Min       1Q   Median       3Q      Max ,,,,,,,,,,,,,,,,Residual standard error: 0.5968 on 8 degrees of freedom,,,,
-0.76185 -0.34920 -0.00385  0.19605  0.94374 ,,,,,,"> temp_lm_Sobs=lm(Sobs~Tempgroup, data=bothalpha1F)",,,,,,,,,,"Multiple R-squared:  0.03348,   Adjusted R-squared:  -0.2082 ",,,,
,,,,,,> summary(temp_lm_Sobs),,,,,,,,,,"F-statistic: 0.1386 on 2 and 8 DF,  p-value: 0.8727",,,,
Coefficients:,,,,,,,,,,,,,,,,,,,,
              Estimate Std. Error t value Pr(>|t|)    ,,,,,,Call:,,,,,,,,,,"> temp_lm_simpson=lm(Simpson~Tempgroup, data=bothalpha1F)",,,,
(Intercept)    3.46232    0.22074  15.685 1.52e-11 ***,,,,,,"lm(formula = Sobs ~ Tempgroup, data = bothalpha1F)",,,,,,,,,,> summary(temp_lm_simpson),,,,
Tempgroupmild  0.02064    0.31217   0.066    0.948    ,,,,,,,,,,,,,,,,,,,,
Tempgroupwarm  0.28246    0.27035   1.045    0.311    ,,,,,,Residuals:,,,,,,,,,,Call:,,,,
---,,,,,,   Min     1Q Median     3Q    Max ,,,,,,,,,,"lm(formula = Simpson ~ Tempgroup, data = bothalpha1F)",,,,
Signif. codes:  0 ‘***’ 0.001 ‘**’ 0.01 ‘*’ 0.05 ‘.’ 0.1 ‘ ’ 1,,,,,,-119.4  -25.4   -9.4   25.6  128.6 ,,,,,,,,,,,,,,
,,,,,,,,,,,,,,,,Residuals:,,,,
Residual standard error: 0.4936 on 17 degrees of freedom,,,,,,Coefficients:,,,,,,,,,,     Min       1Q   Median       3Q      Max ,,,,
"Multiple R-squared:  0.08229,   Adjusted R-squared:  -0.02568 ",,,,,,              Estimate Std. Error t value Pr(>|t|)    ,,,,,,,,,,-0.06752 -0.03215 -0.02062  0.04585  0.07560 ,,,,
"F-statistic: 0.7622 on 2 and 17 DF,  p-value: 0.4819",,,,,,(Intercept)    2289.50      63.95   35.80 3.17e-08 ***,,,,,,,,,,,,,,
,,,,,,Tempgroupmild    89.50      90.44    0.99    0.361    ,,,,,,,,,,Coefficients:,,,,
"> temp_lm_simpson=lm(Simpson~Tempgroup, data=bothalpha1F)",,,,,,Tempgroupwarm    99.90      75.67    1.32    0.235    ,,,,,,,,,,               Estimate Std. Error t value Pr(>|t|)    ,,,,
> summary(temp_lm_simpson),,,,,,---,,,,,,,,,,(Intercept)    0.866282   0.032830  26.387 4.57e-09 ***,,,,
,,,,,,Signif. codes:  0 ‘***’ 0.001 ‘**’ 0.01 ‘*’ 0.05 ‘.’ 0.1 ‘ ’ 1,,,,,,,,,,Tempgroupmild -0.009203   0.046429  -0.198    0.848    ,,,,
Call:,,,,,,,,,,,,,,,,Tempgroupwarm -0.001679   0.041527  -0.040    0.969    ,,,,
"lm(formula = Simpson ~ Tempgroup, data = bothalpha1F)",,,,,,Residual standard error: 90.44 on 6 degrees of freedom,,,,,,,,,,---,,,,
,,,,,,"Multiple R-squared:  0.2313,    Adjusted R-squared:  -0.02489 ",,,,,,,,,,Signif. codes:  0 ‘***’ 0.001 ‘**’ 0.01 ‘*’ 0.05 ‘.’ 0.1 ‘ ’ 1,,,,
Residuals:,,,,,,"F-statistic: 0.9028 on 2 and 6 DF,  p-value: 0.4542",,,,,,,,,,,,,,
      Min        1Q    Median        3Q       Max ,,,,,,,,,,,,,,,,Residual standard error: 0.05686 on 8 degrees of freedom,,,,
-0.073821 -0.034500  0.006037  0.022452  0.082847 ,,,,,,#OnlyI,,,,,,,,,,"Multiple R-squared:  0.005777,  Adjusted R-squared:  -0.2428 ",,,,
,,,,,,> bothalpha1I <- metadataalpha1 %>%,,,,,,,,,,"F-statistic: 0.02324 on 2 and 8 DF,  p-value: 0.9771",,,,
Coefficients:,,,,,,"+   filter(!typefraction %in% c(""Crude"", ""H`"",""D`"", ""B`"", ""F`""))",,,,,,,,,,,,,,
              Estimate Std. Error t value Pr(>|t|)    ,,,,,,"> temp_lm_shannon=lm(Shannon~Tempgroup, data=bothalpha1I)",,,,,,,,,,"> temp_lm_Sobs=lm(Sobs~Tempgroup, data=bothalpha1F)",,,,
(Intercept)   0.847673   0.021230  39.927   <2e-16 ***,,,,,,> summary(temp_lm_shannon),,,,,,,,,,> summary(temp_lm_Sobs),,,,
Tempgroupmild 0.004478   0.030024   0.149    0.883    ,,,,,,,,,,,,,,,,,,,,
Tempgroupwarm 0.032922   0.026002   1.266    0.223    ,,,,,,Call:,,,,,,,,,,Call:,,,,
---,,,,,,"lm(formula = Shannon ~ Tempgroup, data = bothalpha1I)",,,,,,,,,,"lm(formula = Sobs ~ Tempgroup, data = bothalpha1F)",,,,
Signif. codes:  0 ‘***’ 0.001 ‘**’ 0.01 ‘*’ 0.05 ‘.’ 0.1 ‘ ’ 1,,,,,,,,,,,,,,,,,,,,
,,,,,,Residuals:,,,,,,,,,,Residuals:,,,,
Residual standard error: 0.04747 on 17 degrees of freedom,,,,,,     Min       1Q   Median       3Q      Max ,,,,,,,,,,    Min      1Q  Median      3Q     Max ,,,,
"Multiple R-squared:  0.1105,    Adjusted R-squared:  0.005807 ",,,,,,-0.33335 -0.09065  0.00002  0.09065  0.26251 ,,,,,,,,,,-121.67  -79.90  -18.67   94.47  140.33 ,,,,
"F-statistic: 1.055 on 2 and 17 DF,  p-value: 0.3698",,,,,,,,,,,,,,,,,,,,
,,,,,,Coefficients:,,,,,,,,,,Coefficients:,,,,
"> temp_lm_Sobs=lm(Sobs~Tempgroup, data=bothalpha1F)",,,,,,              Estimate Std. Error t value Pr(>|t|)    ,,,,,,,,,,              Estimate Std. Error t value Pr(>|t|)    ,,,,
> summary(temp_lm_Sobs),,,,,,(Intercept)     4.8214     0.1505  32.037 6.15e-08 ***,,,,,,,,,,(Intercept)    2556.67      63.48  40.277 1.59e-10 ***,,,,
,,,,,,Tempgroupmild  -0.1857     0.2128  -0.872    0.417    ,,,,,,,,,,Tempgroupmild   -87.00      89.77  -0.969    0.361    ,,,,
Call:,,,,,,Tempgroupwarm  -0.2624     0.1781  -1.474    0.191    ,,,,,,,,,,Tempgroupwarm    13.73      80.29   0.171    0.868    ,,,,
"lm(formula = Sobs ~ Tempgroup, data = bothalpha1F)",,,,,,---,,,,,,,,,,---,,,,
,,,,,,Signif. codes:  0 ‘***’ 0.001 ‘**’ 0.01 ‘*’ 0.05 ‘.’ 0.1 ‘ ’ 1,,,,,,,,,,Signif. codes:  0 ‘***’ 0.001 ‘**’ 0.01 ‘*’ 0.05 ‘.’ 0.1 ‘ ’ 1,,,,
Residuals:,,,,,,,,,,,,,,,,,,,,
    Min      1Q  Median      3Q     Max ,,,,,,Residual standard error: 0.2128 on 6 degrees of freedom,,,,,,,,,,Residual standard error: 109.9 on 8 degrees of freedom,,,,
-198.80  -72.83   -1.75   72.92  156.20 ,,,,,,"Multiple R-squared:  0.2658,    Adjusted R-squared:  0.02103 ",,,,,,,,,,"Multiple R-squared:  0.1734,    Adjusted R-squared:  -0.03325 ",,,,
,,,,,,"F-statistic: 1.086 on 2 and 6 DF,  p-value: 0.3958",,,,,,,,,,"F-statistic: 0.8391 on 2 and 8 DF,  p-value: 0.4668",,,,
Coefficients:,,,,,,,,,,,,,,,,,,,,
              Estimate Std. Error t value Pr(>|t|)    ,,,,,,"> temp_lm_simpson=lm(Simpson~Tempgroup, data=bothalpha1I)",,,,,,,,,,> #OnlyI,,,,
(Intercept)    2473.80      49.58  49.897   <2e-16 ***,,,,,,> summary(temp_lm_simpson),,,,,,,,,,> bothalpha1I <- metadataalpha1 %>%,,,,
Tempgroupmild     2.80      70.11   0.040    0.969    ,,,,,,,,,,,,,,,,"+   filter(!typefraction %in% c(""Crude"", ""H`"",""D`"", ""B`"", ""F`""))",,,,
Tempgroupwarm    59.10      60.72   0.973    0.344    ,,,,,,Call:,,,,,,,,,,"> temp_lm_shannon=lm(Shannon~Tempgroup, data=bothalpha1I)",,,,
---,,,,,,"lm(formula = Simpson ~ Tempgroup, data = bothalpha1I)",,,,,,,,,,> summary(temp_lm_shannon),,,,
Signif. codes:  0 ‘***’ 0.001 ‘**’ 0.01 ‘*’ 0.05 ‘.’ 0.1 ‘ ’ 1,,,,,,,,,,,,,,,,,,,,
,,,,,,Residuals:,,,,,,,,,,Call:,,,,
Residual standard error: 110.9 on 17 degrees of freedom,,,,,,       Min         1Q     Median         3Q        Max ,,,,,,,,,,"lm(formula = Shannon ~ Tempgroup, data = bothalpha1I)",,,,
"Multiple R-squared:  0.07388,   Adjusted R-squared:  -0.03508 ",,,,,,-0.0087365 -0.0024921 -0.0004237  0.0024921  0.0086383 ,,,,,,,,,,,,,,
"F-statistic: 0.678 on 2 and 17 DF,  p-value: 0.5208",,,,,,,,,,,,,,,,Residuals:,,,,
,,,,,,Coefficients:,,,,,,,,,,      Min        1Q    Median        3Q       Max ,,,,
> #OnlyI,,,,,,               Estimate Std. Error t value Pr(>|t|)    ,,,,,,,,,,-0.302743 -0.046420 -0.005878  0.092633  0.174681 ,,,,
> bothalpha1I <- metadataalpha1 %>%,,,,,,(Intercept)    0.978077   0.004920 198.796 1.09e-12 ***,,,,,,,,,,,,,,
"+   filter(!typefraction %in% c(""Crude"", ""H`"",""D`"", ""B`"", ""F`""))",,,,,,Tempgroupmild -0.008132   0.006958  -1.169    0.287    ,,,,,,,,,,Coefficients:,,,,
"> temp_lm_shannon=lm(Shannon~Tempgroup, data=bothalpha1I)",,,,,,Tempgroupwarm -0.010021   0.005821  -1.721    0.136    ,,,,,,,,,,              Estimate Std. Error t value Pr(>|t|)    ,,,,
> summary(temp_lm_shannon),,,,,,---,,,,,,,,,,(Intercept)    4.64651    0.08556  54.307 1.47e-11 ***,,,,
,,,,,,Signif. codes:  0 ‘***’ 0.001 ‘**’ 0.01 ‘*’ 0.05 ‘.’ 0.1 ‘ ’ 1,,,,,,,,,,Tempgroupmild  0.11989    0.12100   0.991    0.351    ,,,,
Call:,,,,,,,,,,,,,,,,Tempgroupwarm  0.12704    0.10823   1.174    0.274    ,,,,
"lm(formula = Shannon ~ Tempgroup, data = bothalpha1I)",,,,,,Residual standard error: 0.006958 on 6 degrees of freedom,,,,,,,,,,---,,,,
,,,,,,"Multiple R-squared:  0.3329,    Adjusted R-squared:  0.1105 ",,,,,,,,,,Signif. codes:  0 ‘***’ 0.001 ‘**’ 0.01 ‘*’ 0.05 ‘.’ 0.1 ‘ ’ 1,,,,
Residuals:,,,,,,"F-statistic: 1.497 on 2 and 6 DF,  p-value: 0.2969",,,,,,,,,,,,,,
     Min       1Q   Median       3Q      Max ,,,,,,,,,,,,,,,,Residual standard error: 0.1482 on 8 degrees of freedom,,,,
-0.46657 -0.15224  0.07933  0.13968  0.26983 ,,,,,,"> temp_lm_Sobs=lm(Sobs~Tempgroup, data=bothalpha1I)",,,,,,,,,,"Multiple R-squared:  0.1615,    Adjusted R-squared:  -0.04813 ",,,,
,,,,,,> summary(temp_lm_Sobs),,,,,,,,,,"F-statistic: 0.7704 on 2 and 8 DF,  p-value: 0.4943",,,,
Coefficients:,,,,,,,,,,,,,,,,,,,,
              Estimate Std. Error t value Pr(>|t|)    ,,,,,,Call:,,,,,,,,,,"> temp_lm_simpson=lm(Simpson~Tempgroup, data=bothalpha1I)",,,,
(Intercept)    4.73601    0.09212  51.410   <2e-16 ***,,,,,,"lm(formula = Sobs ~ Tempgroup, data = bothalpha1I)",,,,,,,,,,> summary(temp_lm_simpson),,,,
Tempgroupmild -0.02047    0.13028  -0.157    0.877    ,,,,,,,,,,,,,,,,,,,,
Tempgroupwarm -0.06193    0.11283  -0.549    0.590    ,,,,,,Residuals:,,,,,,,,,,Call:,,,,
---,,,,,,   Min     1Q Median     3Q    Max ,,,,,,,,,,"lm(formula = Simpson ~ Tempgroup, data = bothalpha1I)",,,,
Signif. codes:  0 ‘***’ 0.001 ‘**’ 0.01 ‘*’ 0.05 ‘.’ 0.1 ‘ ’ 1,,,,,, -24.5  -19.5    6.8   18.8   24.5 ,,,,,,,,,,,,,,
,,,,,,,,,,,,,,,,Residuals:,,,,
Residual standard error: 0.206 on 17 degrees of freedom,,,,,,Coefficients:,,,,,,,,,,      Min        1Q    Median        3Q       Max ,,,,
"Multiple R-squared:  0.01959,   Adjusted R-squared:  -0.09576 ",,,,,,              Estimate Std. Error t value Pr(>|t|)    ,,,,,,,,,,-0.012182 -0.002161  0.000054  0.004281  0.006909 ,,,,
"F-statistic: 0.1698 on 2 and 17 DF,  p-value: 0.8452",,,,,,(Intercept)    2508.50      16.48 152.198 5.43e-12 ***,,,,,,,,,,,,,,
,,,,,,Tempgroupmild    23.00      23.31   0.987    0.362    ,,,,,,,,,,Coefficients:,,,,
"> temp_lm_simpson=lm(Simpson~Tempgroup, data=bothalpha1I)",,,,,,Tempgroupwarm     0.70      19.50   0.036    0.973    ,,,,,,,,,,              Estimate Std. Error t value Pr(>|t|)    ,,,,
> summary(temp_lm_simpson),,,,,,---,,,,,,,,,,(Intercept)   0.970209   0.003617 268.228   <2e-16 ***,,,,
,,,,,,Signif. codes:  0 ‘***’ 0.001 ‘**’ 0.01 ‘*’ 0.05 ‘.’ 0.1 ‘ ’ 1,,,,,,,,,,Tempgroupmild 0.004747   0.005115   0.928    0.381    ,,,,
Call:,,,,,,,,,,,,,,,,Tempgroupwarm 0.002495   0.004575   0.545    0.600    ,,,,
"lm(formula = Simpson ~ Tempgroup, data = bothalpha1I)",,,,,,Residual standard error: 23.31 on 6 degrees of freedom,,,,,,,,,,---,,,,
,,,,,,"Multiple R-squared:  0.1947,    Adjusted R-squared:  -0.07372 ",,,,,,,,,,Signif. codes:  0 ‘***’ 0.001 ‘**’ 0.01 ‘*’ 0.05 ‘.’ 0.1 ‘ ’ 1,,,,
Residuals:,,,,,,"F-statistic: 0.7254 on 2 and 6 DF,  p-value: 0.5222",,,,,,,,,,,,,,
      Min        1Q    Median        3Q       Max ,,,,,,,,,,,,,,,,Residual standard error: 0.006265 on 8 degrees of freedom,,,,
-0.011584 -0.004373  0.001197  0.005204  0.009546 ,,,,,,,,,,,,,,,,"Multiple R-squared:  0.09728,   Adjusted R-squared:  -0.1284 ",,,,
,,,,,,#OnlyH,,,,,,,,,,"F-statistic: 0.4311 on 2 and 8 DF,  p-value: 0.6641",,,,
Coefficients:,,,,,,> bothalpha1H <- metadataalpha1 %>%,,,,,,,,,,,,,,
                Estimate Std. Error t value Pr(>|t|)    ,,,,,,"+   filter(!typefraction %in% c(""Crude"", ""D`"",""B`"", ""I`"", ""F`""))",,,,,,,,,,"> temp_lm_Sobs=lm(Sobs~Tempgroup, data=bothalpha1I)",,,,
(Intercept)    0.9729660  0.0032336 300.893   <2e-16 ***,,,,,,"> temp_lm_shannon=lm(Shannon~Tempgroup, data=bothalpha1H)",,,,,,,,,,> summary(temp_lm_Sobs),,,,
Tempgroupmild -0.0005637  0.0045730  -0.123    0.903    ,,,,,,> summary(temp_lm_shannon),,,,,,,,,,,,,,
Tempgroupwarm -0.0029312  0.0039603  -0.740    0.469    ,,,,,,,,,,,,,,,,Call:,,,,
---,,,,,,Call:,,,,,,,,,,"lm(formula = Sobs ~ Tempgroup, data = bothalpha1I)",,,,
Signif. codes:  0 ‘***’ 0.001 ‘**’ 0.01 ‘*’ 0.05 ‘.’ 0.1 ‘ ’ 1,,,,,,"lm(formula = Shannon ~ Tempgroup, data = bothalpha1H)",,,,,,,,,,,,,,
,,,,,,,,,,,,,,,,Residuals:,,,,
Residual standard error: 0.007231 on 17 degrees of freedom,,,,,,Residuals:,,,,,,,,,,   Min     1Q Median     3Q    Max ,,,,
"Multiple R-squared:  0.03881,   Adjusted R-squared:  -0.07427 ",,,,,,     Min       1Q   Median       3Q      Max ,,,,,,,,,,-45.67 -24.67 -11.67  23.90  66.33 ,,,,
"F-statistic: 0.3432 on 2 and 17 DF,  p-value: 0.7143",,,,,,-0.44488 -0.15405  0.00569  0.20504  0.44488 ,,,,,,,,,,,,,,
,,,,,,,,,,,,,,,,Coefficients:,,,,
"> temp_lm_Sobs=lm(Sobs~Tempgroup, data=bothalpha1I)",,,,,,Coefficients:,,,,,,,,,,              Estimate Std. Error t value Pr(>|t|)    ,,,,
> summary(temp_lm_Sobs),,,,,,              Estimate Std. Error t value Pr(>|t|)    ,,,,,,,,,,(Intercept)   2700.667     22.635 119.312 2.72e-14 ***,,,,
,,,,,,(Intercept)     4.5567     0.2364  19.278 1.26e-06 ***,,,,,,,,,,Tempgroupmild  -19.000     32.011  -0.594    0.569    ,,,,
Call:,,,,,,Tempgroupmild  -0.6175     0.3343  -1.847    0.114    ,,,,,,,,,,Tempgroupwarm   -7.067     28.632  -0.247    0.811    ,,,,
"lm(formula = Sobs ~ Tempgroup, data = bothalpha1I)",,,,,,Tempgroupwarm  -0.3408     0.2797  -1.219    0.269    ,,,,,,,,,,---,,,,
,,,,,,---,,,,,,,,,,Signif. codes:  0 ‘***’ 0.001 ‘**’ 0.01 ‘*’ 0.05 ‘.’ 0.1 ‘ ’ 1,,,,
Residuals:,,,,,,Signif. codes:  0 ‘***’ 0.001 ‘**’ 0.01 ‘*’ 0.05 ‘.’ 0.1 ‘ ’ 1,,,,,,,,,,,,,,
   Min     1Q Median     3Q    Max ,,,,,,,,,,,,,,,,Residual standard error: 39.21 on 8 degrees of freedom,,,,
 -49.6  -22.2    0.5   20.7   47.4 ,,,,,,Residual standard error: 0.3343 on 6 degrees of freedom,,,,,,,,,,"Multiple R-squared:  0.04338,   Adjusted R-squared:  -0.1958 ",,,,
,,,,,,"Multiple R-squared:  0.3639,    Adjusted R-squared:  0.1519 ",,,,,,,,,,"F-statistic: 0.1814 on 2 and 8 DF,  p-value: 0.8374",,,,
Coefficients:,,,,,,"F-statistic: 1.716 on 2 and 6 DF,  p-value: 0.2574",,,,,,,,,,,,,,
              Estimate Std. Error t value Pr(>|t|)    ,,,,,,,,,,,,,,,,> #OnlyH,,,,
(Intercept)    2662.20      12.97 205.304   <2e-16 ***,,,,,,"> temp_lm_simpson=lm(Simpson~Tempgroup, data=bothalpha1H)",,,,,,,,,,> bothalpha1H <- metadataalpha1 %>%,,,,
Tempgroupmild    11.20      18.34   0.611    0.549    ,,,,,,> summary(temp_lm_simpson),,,,,,,,,,"+   filter(!typefraction %in% c(""Crude"", ""D`"",""B`"", ""I`"", ""F`""))",,,,
Tempgroupwarm    -4.60      15.88  -0.290    0.776    ,,,,,,,,,,,,,,,,"> temp_lm_shannon=lm(Shannon~Tempgroup, data=bothalpha1H)",,,,
---,,,,,,Call:,,,,,,,,,,> summary(temp_lm_shannon),,,,
Signif. codes:  0 ‘***’ 0.001 ‘**’ 0.01 ‘*’ 0.05 ‘.’ 0.1 ‘ ’ 1,,,,,,"lm(formula = Simpson ~ Tempgroup, data = bothalpha1H)",,,,,,,,,,,,,,
,,,,,,,,,,,,,,,,Call:,,,,
Residual standard error: 29 on 17 degrees of freedom,,,,,,Residuals:,,,,,,,,,,"lm(formula = Shannon ~ Tempgroup, data = bothalpha1H)",,,,
"Multiple R-squared:  0.05512,   Adjusted R-squared:  -0.05604 ",,,,,,      Min        1Q    Median        3Q       Max ,,,,,,,,,,,,,,
"F-statistic: 0.4959 on 2 and 17 DF,  p-value: 0.6176",,,,,,-0.039452 -0.024149  0.002037  0.016964  0.039452 ,,,,,,,,,,Residuals:,,,,
,,,,,,,,,,,,,,,,     Min       1Q   Median       3Q      Max ,,,,
> #OnlyH,,,,,,Coefficients:,,,,,,,,,,-0.40149 -0.09688  0.03889  0.18265  0.23695 ,,,,
> bothalpha1H <- metadataalpha1 %>%,,,,,,              Estimate Std. Error t value Pr(>|t|)    ,,,,,,,,,,,,,,
"+   filter(!typefraction %in% c(""Crude"", ""D`"",""B`"", ""I`"", ""F`""))",,,,,,(Intercept)    0.96384    0.02104  45.816 7.24e-09 ***,,,,,,,,,,Coefficients:,,,,
"> temp_lm_shannon=lm(Shannon~Tempgroup, data=bothalpha1H)",,,,,,Tempgroupmild -0.05328    0.02975  -1.791    0.124    ,,,,,,,,,,              Estimate Std. Error t value Pr(>|t|)    ,,,,
> summary(temp_lm_shannon),,,,,,Tempgroupwarm -0.02461    0.02489  -0.989    0.361    ,,,,,,,,,,(Intercept)     4.8530     0.1388  34.971 4.89e-10 ***,,,,
,,,,,,---,,,,,,,,,,Tempgroupmild  -0.4531     0.1963  -2.309   0.0498 *  ,,,,
Call:,,,,,,Signif. codes:  0 ‘***’ 0.001 ‘**’ 0.01 ‘*’ 0.05 ‘.’ 0.1 ‘ ’ 1,,,,,,,,,,Tempgroupwarm  -0.2211     0.1755  -1.260   0.2433    ,,,,
"lm(formula = Shannon ~ Tempgroup, data = bothalpha1H)",,,,,,,,,,,,,,,,---,,,,
,,,,,,Residual standard error: 0.02975 on 6 degrees of freedom,,,,,,,,,,Signif. codes:  0 ‘***’ 0.001 ‘**’ 0.01 ‘*’ 0.05 ‘.’ 0.1 ‘ ’ 1,,,,
Residuals:,,,,,,"Multiple R-squared:  0.349,     Adjusted R-squared:  0.132 ",,,,,,,,,,,,,,
    Min      1Q  Median      3Q     Max ,,,,,,"F-statistic: 1.608 on 2 and 6 DF,  p-value: 0.2759",,,,,,,,,,Residual standard error: 0.2404 on 8 degrees of freedom,,,,
-0.7337 -0.1594  0.1047  0.2171  0.4147 ,,,,,,,,,,,,,,,,"Multiple R-squared:    0.4,     Adjusted R-squared:   0.25 ",,,,
,,,,,,"> temp_lm_Sobs=lm(Sobs~Tempgroup, data=bothalpha1H)",,,,,,,,,,"F-statistic: 2.666 on 2 and 8 DF,  p-value: 0.1296",,,,
Coefficients:,,,,,,> summary(temp_lm_Sobs),,,,,,,,,,,,,,
              Estimate Std. Error t value Pr(>|t|)    ,,,,,,,,,,,,,,,,"> temp_lm_simpson=lm(Simpson~Tempgroup, data=bothalpha1H)",,,,
(Intercept)     4.8192     0.1509  31.929  < 2e-16 ***,,,,,,Call:,,,,,,,,,,> summary(temp_lm_simpson),,,,
Tempgroupmild  -0.6239     0.2135  -2.923  0.00949 ** ,,,,,,"lm(formula = Sobs ~ Tempgroup, data = bothalpha1H)",,,,,,,,,,,,,,
Tempgroupwarm  -0.4025     0.1849  -2.177  0.04384 *  ,,,,,,,,,,,,,,,,Call:,,,,
---,,,,,,Residuals:,,,,,,,,,,"lm(formula = Simpson ~ Tempgroup, data = bothalpha1H)",,,,
Signif. codes:  0 ‘***’ 0.001 ‘**’ 0.01 ‘*’ 0.05 ‘.’ 0.1 ‘ ’ 1,,,,,,   Min     1Q Median     3Q    Max ,,,,,,,,,,,,,,
,,,,,, -52.4  -32.0  -15.4   32.0   75.6 ,,,,,,,,,,Residuals:,,,,
Residual standard error: 0.3375 on 17 degrees of freedom,,,,,,,,,,,,,,,,      Min        1Q    Median        3Q       Max ,,,,
"Multiple R-squared:  0.3437,    Adjusted R-squared:  0.2665 ",,,,,,Coefficients:,,,,,,,,,,-0.022293 -0.007905  0.001398  0.009850  0.011931 ,,,,
"F-statistic: 4.452 on 2 and 17 DF,  p-value: 0.02788",,,,,,               Estimate Std. Error t value Pr(>|t|)    ,,,,,,,,,,,,,,
,,,,,,(Intercept)   2.387e+03  3.748e+01  63.687 1.01e-09 ***,,,,,,,,,,Coefficients:,,,,
"> temp_lm_simpson=lm(Simpson~Tempgroup, data=bothalpha1H)",,,,,,Tempgroupmild 8.546e-15  5.301e+01   0.000    1.000    ,,,,,,,,,,               Estimate Std. Error t value Pr(>|t|)    ,,,,
> summary(temp_lm_simpson),,,,,,Tempgroupwarm 9.400e+00  4.435e+01   0.212    0.839    ,,,,,,,,,,(Intercept)    0.968073   0.007255 133.439 1.11e-14 ***,,,,
,,,,,,---,,,,,,,,,,Tempgroupmild -0.022554   0.010260  -2.198   0.0592 .  ,,,,
Call:,,,,,,Signif. codes:  0 ‘***’ 0.001 ‘**’ 0.01 ‘*’ 0.05 ‘.’ 0.1 ‘ ’ 1,,,,,,,,,,Tempgroupwarm -0.012489   0.009177  -1.361   0.2106    ,,,,
"lm(formula = Simpson ~ Tempgroup, data = bothalpha1H)",,,,,,,,,,,,,,,,---,,,,
,,,,,,Residual standard error: 53.01 on 6 degrees of freedom,,,,,,,,,,Signif. codes:  0 ‘***’ 0.001 ‘**’ 0.01 ‘*’ 0.05 ‘.’ 0.1 ‘ ’ 1,,,,
Residuals:,,,,,,"Multiple R-squared:  0.01151,   Adjusted R-squared:  -0.318 ",,,,,,,,,,,,,,
      Min        1Q    Median        3Q       Max ,,,,,,"F-statistic: 0.03494 on 2 and 6 DF,  p-value: 0.9659",,,,,,,,,,Residual standard error: 0.01257 on 8 degrees of freedom,,,,
-0.061493 -0.003575  0.006435  0.016110  0.023485 ,,,,,,,,,,,,,,,,"Multiple R-squared:  0.3778,    Adjusted R-squared:  0.2223 ",,,,
,,,,,,#OnlyCrude,,,,,,,,,,"F-statistic: 2.429 on 2 and 8 DF,  p-value: 0.1499",,,,
Coefficients:,,,,,,> bothalpha1Crude <- metadataalpha1 %>%,,,,,,,,,,,,,,
              Estimate Std. Error t value Pr(>|t|)    ,,,,,,"+   filter(!typefraction %in% c(""H`"", ""D`"",""B`"", ""I`"", ""F`""))",,,,,,,,,,"> temp_lm_Sobs=lm(Sobs~Tempgroup, data=bothalpha1H)",,,,
(Intercept)    0.96920    0.01066  90.958   <2e-16 ***,,,,,,"> temp_lm_shannon=lm(Shannon~Tempgroup, data=bothalpha1Crude)",,,,,,,,,,> summary(temp_lm_Sobs),,,,
Tempgroupmild -0.04003    0.01507  -2.656   0.0166 *  ,,,,,,> summary(temp_lm_shannon),,,,,,,,,,,,,,
Tempgroupwarm -0.02418    0.01305  -1.853   0.0813 .  ,,,,,,,,,,,,,,,,Call:,,,,
---,,,,,,Call:,,,,,,,,,,"lm(formula = Sobs ~ Tempgroup, data = bothalpha1H)",,,,
Signif. codes:  0 ‘***’ 0.001 ‘**’ 0.01 ‘*’ 0.05 ‘.’ 0.1 ‘ ’ 1,,,,,,"lm(formula = Shannon ~ Tempgroup, data = bothalpha1Crude)",,,,,,,,,,,,,,
,,,,,,,,,,,,,,,,Residuals:,,,,
Residual standard error: 0.02383 on 17 degrees of freedom,,,,,,Residuals:,,,,,,,,,,   Min     1Q Median     3Q    Max ,,,,
"Multiple R-squared:  0.2978,    Adjusted R-squared:  0.2151 ",,,,,,     Min       1Q   Median       3Q      Max ,,,,,,,,,,-33.00 -12.83  -3.00  14.17  31.00 ,,,,
"F-statistic: 3.604 on 2 and 17 DF,  p-value: 0.04956",,,,,,-0.60658 -0.02092  0.03628  0.14718  0.42678 ,,,,,,,,,,,,,,
,,,,,,,,,,,,,,,,Coefficients:,,,,
"> temp_lm_Sobs=lm(Sobs~Tempgroup, data=bothalpha1H)",,,,,,Coefficients:,,,,,,,,,,              Estimate Std. Error t value Pr(>|t|)    ,,,,
> summary(temp_lm_Sobs),,,,,,              Estimate Std. Error t value Pr(>|t|)    ,,,,,,,,,,(Intercept)    2648.00      12.56 210.756 2.88e-16 ***,,,,
,,,,,,(Intercept)     5.1004     0.2363  21.582 1.16e-07 ***,,,,,,,,,,Tempgroupmild   -49.33      17.77  -2.776   0.0241 *  ,,,,
Call:,,,,,,Tempgroupmild  -0.2693     0.3051  -0.883   0.4068    ,,,,,,,,,,Tempgroupwarm   -15.00      15.89  -0.944   0.3729    ,,,,
"lm(formula = Sobs ~ Tempgroup, data = bothalpha1H)",,,,,,Tempgroupwarm  -0.6011     0.2796  -2.150   0.0687 .  ,,,,,,,,,,---,,,,
,,,,,,---,,,,,,,,,,Signif. codes:  0 ‘***’ 0.001 ‘**’ 0.01 ‘*’ 0.05 ‘.’ 0.1 ‘ ’ 1,,,,
Residuals:,,,,,,Signif. codes:  0 ‘***’ 0.001 ‘**’ 0.01 ‘*’ 0.05 ‘.’ 0.1 ‘ ’ 1,,,,,,,,,,,,,,
   Min     1Q Median     3Q    Max ,,,,,,,,,,,,,,,,Residual standard error: 21.76 on 8 degrees of freedom,,,,
-77.40 -22.05   7.65  25.23  75.10 ,,,,,,Residual standard error: 0.3342 on 7 degrees of freedom,,,,,,,,,,"Multiple R-squared:  0.5076,    Adjusted R-squared:  0.3845 ",,,,
,,,,,,"Multiple R-squared:  0.4216,    Adjusted R-squared:  0.2564 ",,,,,,,,,,"F-statistic: 4.123 on 2 and 8 DF,  p-value: 0.05879",,,,
Coefficients:,,,,,,"F-statistic: 2.551 on 2 and 7 DF,  p-value: 0.1471",,,,,,,,,,,,,,
              Estimate Std. Error t value Pr(>|t|)    ,,,,,,,,,,,,,,,,> #OnlyCrude,,,,
(Intercept)    2578.40      20.20 127.619   <2e-16 ***,,,,,,"> temp_lm_simpson=lm(Simpson~Tempgroup, data=bothalpha1Crude)",,,,,,,,,,> bothalpha1Crude <- metadataalpha1 %>%,,,,
Tempgroupmild   -38.60      28.57  -1.351    0.194    ,,,,,,> summary(temp_lm_simpson),,,,,,,,,,"+   filter(!typefraction %in% c(""H`"", ""D`"",""B`"", ""I`"", ""F`""))",,,,
Tempgroupwarm   -22.50      24.74  -0.909    0.376    ,,,,,,,,,,,,,,,,"> temp_lm_shannon=lm(Shannon~Tempgroup, data=bothalpha1Crude)",,,,
---,,,,,,Call:,,,,,,,,,,> summary(temp_lm_shannon),,,,
Signif. codes:  0 ‘***’ 0.001 ‘**’ 0.01 ‘*’ 0.05 ‘.’ 0.1 ‘ ’ 1,,,,,,"lm(formula = Simpson ~ Tempgroup, data = bothalpha1Crude)",,,,,,,,,,,,,,
,,,,,,,,,,,,,,,,Call:,,,,
Residual standard error: 45.18 on 17 degrees of freedom,,,,,,Residuals:,,,,,,,,,,"lm(formula = Shannon ~ Tempgroup, data = bothalpha1Crude)",,,,
"Multiple R-squared:  0.09815,   Adjusted R-squared:  -0.007951 ",,,,,,      Min        1Q    Median        3Q       Max ,,,,,,,,,,,,,,
"F-statistic: 0.9251 on 2 and 17 DF,  p-value: 0.4156",,,,,,-0.020862 -0.005137  0.000000  0.005868  0.020956 ,,,,,,,,,,Residuals:,,,,
,,,,,,,,,,,,,,,,     Min       1Q   Median       3Q      Max ,,,,
> #OnlyCrude,,,,,,Coefficients:,,,,,,,,,,-0.11085 -0.05551 -0.04117  0.06459  0.13595 ,,,,
> bothalpha1Crude <- metadataalpha1 %>%,,,,,,              Estimate Std. Error t value Pr(>|t|)    ,,,,,,,,,,,,,,
"+   filter(!typefraction %in% c(""H`"", ""D`"",""B`"", ""I`"", ""F`""))",,,,,,(Intercept)    0.98263    0.01018  96.483 3.39e-12 ***,,,,,,,,,,Coefficients:,,,,
"> temp_lm_shannon=lm(Shannon~Tempgroup, data=bothalpha1Crude)",,,,,,Tempgroupmild -0.01218    0.01315  -0.926   0.3851    ,,,,,,,,,,              Estimate Std. Error t value Pr(>|t|)    ,,,,
> summary(temp_lm_shannon),,,,,,Tempgroupwarm -0.02791    0.01205  -2.316   0.0537 .  ,,,,,,,,,,(Intercept)    5.03579    0.05271  95.534 1.61e-13 ***,,,,
,,,,,,---,,,,,,,,,,Tempgroupmild -0.07096    0.07455  -0.952    0.369    ,,,,
Call:,,,,,,Signif. codes:  0 ‘***’ 0.001 ‘**’ 0.01 ‘*’ 0.05 ‘.’ 0.1 ‘ ’ 1,,,,,,,,,,Tempgroupwarm  0.11481    0.06668   1.722    0.123    ,,,,
"lm(formula = Shannon ~ Tempgroup, data = bothalpha1Crude)",,,,,,,,,,,,,,,,---,,,,
,,,,,,Residual standard error: 0.0144 on 7 degrees of freedom,,,,,,,,,,Signif. codes:  0 ‘***’ 0.001 ‘**’ 0.01 ‘*’ 0.05 ‘.’ 0.1 ‘ ’ 1,,,,
Residuals:,,,,,,"Multiple R-squared:  0.4605,    Adjusted R-squared:  0.3064 ",,,,,,,,,,,,,,
     Min       1Q   Median       3Q      Max ,,,,,,"F-statistic: 2.988 on 2 and 7 DF,  p-value: 0.1153",,,,,,,,,,Residual standard error: 0.0913 on 8 degrees of freedom,,,,
-0.93057 -0.10103  0.06237  0.20594  0.40366 ,,,,,,,,,,,,,,,,"Multiple R-squared:  0.5091,    Adjusted R-squared:  0.3864 ",,,,
,,,,,,"> temp_lm_Sobs=lm(Sobs~Tempgroup, data=bothalpha1Crude)",,,,,,,,,,"F-statistic: 4.148 on 2 and 8 DF,  p-value: 0.05808",,,,
Coefficients:,,,,,,> summary(temp_lm_Sobs),,,,,,,,,,,,,,
              Estimate Std. Error t value Pr(>|t|)    ,,,,,,,,,,,,,,,,"> temp_lm_simpson=lm(Simpson~Tempgroup, data=bothalpha1Crude)",,,,
(Intercept)     5.0809     0.1497  33.936   <2e-16 ***,,,,,,Call:,,,,,,,,,,> summary(temp_lm_simpson),,,,
Tempgroupmild  -0.1867     0.2027  -0.921    0.369    ,,,,,,"lm(formula = Sobs ~ Tempgroup, data = bothalpha1Crude)",,,,,,,,,,,,,,
Tempgroupwarm  -0.2671     0.1834  -1.457    0.162    ,,,,,,,,,,,,,,,,Call:,,,,
---,,,,,,Residuals:,,,,,,,,,,"lm(formula = Simpson ~ Tempgroup, data = bothalpha1Crude)",,,,
Signif. codes:  0 ‘***’ 0.001 ‘**’ 0.01 ‘*’ 0.05 ‘.’ 0.1 ‘ ’ 1,,,,,,   Min     1Q Median     3Q    Max ,,,,,,,,,,,,,,
,,,,,,-256.8  -35.5   36.6   65.3   89.2 ,,,,,,,,,,Residuals:,,,,
Residual standard error: 0.3348 on 18 degrees of freedom,,,,,,,,,,,,,,,,      Min        1Q    Median        3Q       Max ,,,,
"Multiple R-squared:  0.1056,    Adjusted R-squared:  0.006208 ",,,,,,Coefficients:,,,,,,,,,,-0.004814 -0.001917  0.000735  0.002334  0.003901 ,,,,
"F-statistic: 1.062 on 2 and 18 DF,  p-value: 0.3663",,,,,,              Estimate Std. Error t value Pr(>|t|)    ,,,,,,,,,,,,,,
,,,,,,(Intercept)    2443.00      82.29  29.688 1.27e-08 ***,,,,,,,,,,Coefficients:,,,,
"> temp_lm_simpson=lm(Simpson~Tempgroup, data=bothalpha1Crude)",,,,,,Tempgroupmild    73.00     106.23   0.687    0.514    ,,,,,,,,,,               Estimate Std. Error t value Pr(>|t|)    ,,,,
> summary(temp_lm_simpson),,,,,,Tempgroupwarm   -18.20      97.36  -0.187    0.857    ,,,,,,,,,,(Intercept)    0.980431   0.001815 540.168   <2e-16 ***,,,,
,,,,,,---,,,,,,,,,,Tempgroupmild -0.004428   0.002567  -1.725    0.123    ,,,,
Call:,,,,,,Signif. codes:  0 ‘***’ 0.001 ‘**’ 0.01 ‘*’ 0.05 ‘.’ 0.1 ‘ ’ 1,,,,,,,,,,Tempgroupwarm -0.000554   0.002296  -0.241    0.815    ,,,,
"lm(formula = Simpson ~ Tempgroup, data = bothalpha1Crude)",,,,,,,,,,,,,,,,---,,,,
,,,,,,Residual standard error: 116.4 on 7 degrees of freedom,,,,,,,,,,Signif. codes:  0 ‘***’ 0.001 ‘**’ 0.01 ‘*’ 0.05 ‘.’ 0.1 ‘ ’ 1,,,,
Residuals:,,,,,,"Multiple R-squared:  0.1444,    Adjusted R-squared:   -0.1 ",,,,,,,,,,,,,,
      Min        1Q    Median        3Q       Max ,,,,,,"F-statistic: 0.5909 on 2 and 7 DF,  p-value: 0.5793",,,,,,,,,,Residual standard error: 0.003144 on 8 degrees of freedom,,,,
-0.027776 -0.003272  0.003791  0.009628  0.015842 ,,,,,,,,,,,,,,,,"Multiple R-squared:  0.3184,    Adjusted R-squared:  0.148 ",,,,
,,,,,,,,,,,,,,,,"F-statistic: 1.868 on 2 and 8 DF,  p-value: 0.2158",,,,
Coefficients:,,,,,,>,,,,,,,,,,,,,,
               Estimate Std. Error t value Pr(>|t|)    ,,,,,,,,,,,,,,,,"> temp_lm_Sobs=lm(Sobs~Tempgroup, data=bothalpha1Crude)",,,,
(Intercept)    0.981323   0.006218 157.809   <2e-16 ***,,,,,,,,,,,,,,,,> summary(temp_lm_Sobs),,,,
Tempgroupmild -0.009079   0.008420  -1.078   0.2951    ,,,,,,,,,,,,,,,,,,,,
Tempgroupwarm -0.014976   0.007616  -1.966   0.0649 .  ,,,,,,,,,,,,,,,,Call:,,,,
---,,,,,,,,,,,,,,,,"lm(formula = Sobs ~ Tempgroup, data = bothalpha1Crude)",,,,
Signif. codes:  0 ‘***’ 0.001 ‘**’ 0.01 ‘*’ 0.05 ‘.’ 0.1 ‘ ’ 1,,,,,,,,,,,,,,,,,,,,
,,,,,,,,,,,,,,,,Residuals:,,,,
Residual standard error: 0.0139 on 18 degrees of freedom,,,,,,,,,,,,,,,,   Min     1Q Median     3Q    Max ,,,,
"Multiple R-squared:  0.1775,    Adjusted R-squared:  0.08613 ",,,,,,,,,,,,,,,,-102.2  -29.1   20.0   27.5   62.8 ,,,,
"F-statistic: 1.942 on 2 and 18 DF,  p-value: 0.1723",,,,,,,,,,,,,,,,,,,,
,,,,,,,,,,,,,,,,Coefficients:,,,,
"> temp_lm_Sobs=lm(Sobs~Tempgroup, data=bothalpha1Crude)",,,,,,,,,,,,,,,,              Estimate Std. Error t value Pr(>|t|)    ,,,,
> summary(temp_lm_Sobs),,,,,,,,,,,,,,,,(Intercept)    2623.00      31.07  84.425 4.32e-13 ***,,,,
,,,,,,,,,,,,,,,,Tempgroupmild    30.00      43.94   0.683    0.514    ,,,,
Call:,,,,,,,,,,,,,,,,Tempgroupwarm    37.20      39.30   0.947    0.372    ,,,,
"lm(formula = Sobs ~ Tempgroup, data = bothalpha1Crude)",,,,,,,,,,,,,,,,---,,,,
,,,,,,,,,,,,,,,,,,,,
Residuals:,,,,,,,,,,,,,,,,,,,,
    Min      1Q  Median      3Q     Max ,,,,,,,,,,,,,,,,,,,,
-289.50  -11.67   12.50   35.50  103.50 ,,,,,,,,,,,,,,,,,,,,
,,,,,,,,,,,,,,,,,,,,
Coefficients:,,,,,,,,,,,,,,,,,,,,
              Estimate Std. Error t value Pr(>|t|)    ,,,,,,,,,,,,,,,,,,,,
(Intercept)    2598.20      39.66  65.503   <2e-16 ***,,,,,,,,,,,,,,,,,,,,
Tempgroupmild    43.47      53.71   0.809    0.429    ,,,,,,,,,,,,,,,,,,,,
Tempgroupwarm    -6.70      48.58  -0.138    0.892    ,,,,,,,,,,,,,,,,,,,,
---,,,,,,,,,,,,,,,,,,,,
