both site all fraction,,,,,,,,,,,,,,,,,,,,,,,,,,,,,,,,,,,,,,,,,,,,,,,,,,,,,,,,,,,,,,,,,,,,,,,,,,,,,,,,,,,,,,,,,,,,,,,,,,,,,,,,,,,,,,,,,,,,,,
> dim(significant_covTemp_p.otu.omni3f3),,,,,,,,,,,,,,,,Only B by watertemp,,,,,,,,,,,,,,,,,,,,,,,,,,,,,Only D,,,,,,,,,,,,,,,,Only F,,,,,,,,,,,,,,,,,Only H,,,,,,,,,,,,,,,,,,OnlyI,,,,,,,,,,,,,,,Only Crude,,,,,,,
[1] 12  1,,,,,,,,,,,,,,,,,,,,,,,,,,,,,Only B and D,,,,,,,,,,,,,,,,,,,,,,,,,,,,,,,,> dim(significant_covTemp_otu_q_omni3_valuesf2),,,,,,,,,,,,,,,,,,,,,,,,,,,,,,,,,,,,,,,,,,,,,,,,,,,,,,,,,
> print(significant_covTemp_p.otu.omni3f3),,,,,,,,,,,,,,,, dim(significant_covTemp_otu_q_omni3_valuesf2),,,,,,,,,,,,,,,,,,,,,,,,,,,,, dim(significant_covTemp_otu_q_omni3_valuesf2),,,,,,,,,,,,,,,,[1] 3 1,,,,,,,,,,,,,,,,,> dim(significant_covTempsite_otu_q_omni3_valuesf2),,,,,,,,,,,,,,,,,,> dim(significant_covTemp_otu_q_omni3_valuesf2),,,,,,,,,,,,,,,> dim(significant_covTemp_otu_q_omni3_valuesf2),,,,,,,
                                                cov1,,,,,,,,,,,,,,,,[1] 3 1,,,,,,,,,,,,,> dim(significant_covTemp_otu_q_freq_valuesf2),,,,,,,,,,,,,,,,[1] 3 1,,,,,,,,,,,,,,,,> print(significant_covTemp_otu_q_omni3_valuesf2),,,,,,,,> print(top_50_temp2),,,,,,,,,[1] 5 1,,,,,,,,,,,,,,,,,,[1] 5 1,,,,,,,,> print(top_50_temp2),,,,,,,[1] 3 1,,,,,,,
2-pyrone derivatives                      0.02775000,,,,,,,,,,,,,,,,> print(significant_covTemp_otu_q_omni3_valuesf2),,,,,,,,,,,,,[1] 0 1,,,,,,,,,,,,,,,,> print(significant_covTemp_otu_q_omni3_valuesf2),,,,,,,,,,,,,,,,                                    cov1,,,,,,,,                                   cov1,,,,,,,,,> dim(significant_covTemp_otu_q_omni3_valuesf2),,,,,,,,,,,,,,,,,,> print(significant_covTemp_otu_q_omni3_valuesf2),,,,,,,,                                             cov1,,,,,,,> print(significant_covTemp_otu_q_omni3_valuesf2),,,,,,,> print(top_50_temp2)
Cholestane steroids                       0.02120000,,,,,,,,,,,,,,,,                                     cov1,,,,,,,,,,,,,> print(significant_covTemp_otu_q_freq_valuesf2),,,,,,,,,,,,,,,,                                                             cov1,,,,,,,,,> print(top_50_temp2),,,,,,,Menthane monoterpenoids       0.03700000,,,,,,,,Menthane monoterpenoids       0.4588731,,,,,,,,,[1] 8 1,,,,,,,,,> print(top_50_temp2),,,,,,,,,                                             cov1,,,,,,,,Pyrrole alkaloids                     0.825479077,,,,,,,                                              cov1,,,,,,,                                              cov1
Depsides and depsidones                   0.04866667,,,,,,,,,,,,,,,,Anthocyanidins                 0.03966667,,,,,,,,,,,,,[1] cov1,,,,,,,,,,,,,,,,Cholestane steroids                                    0.01966667,,,,,,,,,                                                            cov1,,,,,,,Purine nucleosides            0.01866667,,,,,,,,Purine nucleosides            0.4430247,,,,,,,,,> print(significant_covTemp_otu_q_omni3_valuesf2),,,,,,,,,                                                cov1,,,,,,,,,Diacylglycerols                       0.031750000,,,,,,,,Oleanane triterpenoids                0.625362693,,,,,,,Cyanopeptolins                         0.028750000,,,,,,,Unsaturated fatty acids                0.327931822
Erythromycins                             0.03250000,,,,,,,,,,,,,,,,Cholane steroids               0.04566667,,,,,,,,,,,,,<0 rows> (or 0-length row.names),,,,,,,,,,,,,,,,Oligomeric phloroglucinols (phlorotannins)             0.01155556,,,,,,,,,Oligomeric phloroglucinols (phlorotannins)             0.6245485,,,,,,,Tricyclic guanidine alkaloids 0.03325000,,,,,,,,Tricyclic guanidine alkaloids 0.3336259,,,,,,,,,                                                 cov1,,,,,,,,,Unsaturated fatty acids                    0.8304623,,,,,,,,,Glycerophosphoglycerophosphoglycerols 0.031000000,,,,,,,,Glycerophosphoglycerophosphoglycerols 0.456489875,,,,,,,Tropolones and derivatives (Shikimate) 0.046666667,,,,,,,Cyanopeptolins                         0.063867888
Flavones                                  0.00339932,,,,,,,,,,,,,,,,Fatty acyl homoserine lactones 0.01933333,,,,,,,,,,,,,> dim(significant_covtypefraction_otu_q_freq_valuesf2),,,,,,,,,,,,,,,,Polyprenylated cyclic polyketides (Hop meroterpenoids) 0.03533333,,,,,,,,,Cholestane steroids                                    0.4878877,,,,,,,> dim(significant_covlsite_otu_q_omni3_valuesf2),,,,,,,,,,,,,,,,,3-Decalinoyltetramic acids                 0.02550000,,,,,,,,,Straight chain fatty acids                 0.4946205,,,,,,,,,Oleanane triterpenoids                0.011222222,,,,,,,,Sorbicilinoids                        0.227915590,,,,,,,Unsaturated fatty acids                0.003028571,,,,,,,Tropolones and derivatives (Shikimate) 0.008505035
Hydroxy-hydroperoxyeicosatetraenoic acids 0.01039792,,,,,,,,,,,,,,,,> dim(significant_covlsite_otu_q_omni3_valuesf2),,,,,,,,,,,,,[1] 2 1,,,,,,,,,,,,,,,,> dim(significant_covlsite_otu_q_omni3_valuesf2),,,,,,,,,Polyprenylated cyclic polyketides (Hop meroterpenoids) 0.3737225,,,,,,,[1] 71  1,,,,,,,,,,,,,,,,,Arylnaphthalene and aryltetralin lignans   0.04666667,,,,,,,,,Cinnamic acids and derivatives             0.4047885,,,,,,,,,Pyrrole alkaloids                     0.001886792,,,,,,,,Diacylglycerols                       0.005371735,,,,,,,> dim(significant_covlsite_otu_q_omni3_valuesf2),,,,,,,
Oligomeric stibenes                       0.04466667,,,,,,,,,,,,,,,,[1] 29  1,,,,,,,,,,,,,> print(significant_covtypefraction_otu_q_freq_valuesf2),,,,,,,,,,,,,,,,[1] 31  1,,,,,,,,,,,,,,,,> print(significant_covlsite_otu_q_omni3_valuesf2),,,,,,,,,,,,,,,,,Cinnamic acids and derivatives             0.03833333,,,,,,,,,3-Decalinoyltetramic acids                 0.4030432,,,,,,,,,Sorbicilinoids                        0.036333333,,,,,,,,,,,,,,,[1] 43  1,,,,,,,
Phenylethylamines                         0.03600000,,,,,,,,,,,,,,,,> print(significant_covlsite_otu_q_omni3_valuesf2),,,,,,,,,,,,,                             cov3,,,,,,,,,,,,,,,,> print(significant_covlsite_otu_q_omni3_valuesf2),,,,,,,,,,,,,,,,                                                         cov2,,,,,,,,> print(top_50_Site),,,,,,,,,Monoalkylresorcinols                       0.04533333,,,,,,,,,Oligomeric phloroglucinols (phlorotannins) 0.4028778,,,,,,,,,> dim(significant_covlsite_otu_q_omni3_valuesf2),,,,,,,,,,,,,,,> print(significant_covlsite_otu_q_omni3_valuesf2),,,,,,,
Purine alkaloids                          0.01059788,,,,,,,,,,,,,,,,                                                  cov2,,,,,,,by F value site,,,,,,Open-chain polyketides 0.01353742,,,,,,,,,,,,,,,,                                                  cov2,,,,,,,,,,,,,,,,2-pyrone derivatives                             2.160000e-02,,,,,,,,                                                       cov2,,,,,,,,,Oligomeric phloroglucinols (phlorotannins) 0.03566667,,,,,,,,,Podocarpane diterpenoids                   0.3820072,,,,,,,,,[1] 70  1,,,,,,,,,,,,,,,                                               cov2,,,,,,,
Simple phenolic acids                     0.00279944,,,,,,,,,,,,,,,,Abietane diterpenoids                     0.0257500000,,,,,,,> print(top_50_temp2),,,,,,Pulvinones             0.04738097,,,,,,,,,,,,,,,,Abietane diterpenoids                     9.545455e-03,,,,,,,,,,,,,,,,216                                              4.300000e-02,,,,,,,,Menthane monoterpenoids                          22.4781101,,,,,,,,,Podocarpane diterpenoids                   0.04700000,,,,,,,,,Arylnaphthalene and aryltetralin lignans   0.3661898,,,,,,,,,> print(significant_covlsite_otu_q_omni3_valuesf2),,,,,,,,,,,,,,,Amino fatty acids                      3.366667e-02,,,,,,,> print(top_50_Site)
Sorbicilinoids                            0.04833333,,,,,,,,,,,,,,,,Aminosugars                               0.0224000000,,,,,,,                                               cov2,,,,,,> dim(significant_covlsite_otu_q_freq_valuesf2),,,,,,,,,,,,,,,,Ansa macrolides                           3.333333e-02,,,,,,,,,,,,,,,,3-Decalinoyltetramic acids                       1.181711e-03,,,,,,,,Cytochalasan alkaloids                            4.7955039,,,,,,,,,Straight chain fatty acids                 0.03433333,,,,,,,,,Monoalkylresorcinols                       0.2969948,,,,,,,,,                                                         cov2,,,,,,,,> print(top_50_Site),,,,,,,Aminoacids                             7.582701e-03,,,,,,,                                            cov2
Thromboxanes                              0.01659668,,,,,,,,,,,,,,,,Anthraquinones and anthrones              0.0173333333,,,,,,,Other Octadecanoids                       1.4767316,,,,,,[1] 41  1,,,,,,,,,,,,,,,,Anthraquinones and anthrones              3.750000e-02,,,,,,,,,,,,,,,,Abietane diterpenoids                            9.909091e-03,,,,,,,,Ansa peptide alkaloids                            4.0771946,,,,,,,,,Unsaturated fatty acids                    0.00631250,,,,,,,,,,,,,,,,,,3-Decalinoyltetramic acids                       4.545041e-03,,,,,,,,                                                      cov2,,,,,,,Ansa peptide alkaloids                 8.332639e-05,,,,,,,Cholestane steroids                    1.2296334
> dim(significant_covSite_p.otu.omni3f3),,,,,,,,,,,,,,,,Branched fatty acids                      0.0043526851,,,,,,,Purine nucleosides                        1.3212846,,,,,,> print(significant_covlsite_otu_q_freq_valuesf2),,,,,,,,,,,,,,,,Carboline alkaloids                       2.040000e-02,,,,,,,,,,,,,,,,Amino fatty acids                                1.657143e-02,,,,,,,,Neutral glycosphingolipids                        2.9927763,,,,,,,,,> dim(significant_covlsite_otu_q_omni3_valuesf2),,,,,,,,,,,,,,,,,,Abietane diterpenoids                            1.177778e-02,,,,,,,,Pyrrole alkaloids                                8.1260026,,,,,,,Anthocyanidins                         3.966667e-02,,,,,,,Tetraketide meroterpenoids             0.8989311
[1] 25  1,,,,,,,,by F value Site,,,,,,,,"Carotenoids (C40, ?-?)                    0.0403333333",,,,,,,Limonoids                                 1.2950490,,,,,,                                                  cov2,,,,,,,,,,,,,,,,Cyclolaurane sesquiterpenoids             1.133333e-02,,,,,,,,,,,,,,,,Ansa macrolides                                  7.272066e-04,,,,,,,,Scalarane sesterterpenoids                        2.9483706,,,,,,,,,[1] 53  1,,,,,,,,,,,,,,,,,,Acridone alkaloids                               2.100000e-02,,,,,,,,Oxygenated hydrocarbons                          5.0667265,,,,,,,Anthranillic acid derivatives          4.033333e-02,,,,,,,Polyamines                             0.6959374
> print(significant_covSite_p.otu.omni3f3),,,,,,,, print(top_50_temp3),,,,,,,,Cyclolaurane sesquiterpenoids             0.0027057232,,,,,,,Daphnane diterpenoids                     1.1189789,,,,,,Abietane diterpenoids                      0.002666424,,,,,,,,,,,,,,,,Daphnane diterpenoids                     1.950000e-02,,,,,,,,,,,,,,,,Ansa peptide alkaloids                           9.090083e-05,,,,,,,,Terpenoid alkaloids                               2.8176101,,,,,,,,,> print(significant_covlsite_otu_q_omni3_valuesf2),,,,,,,,,> print(top_50_Site),,,,,,,,,Aminosugars                                      4.545041e-04,,,,,,,,Fatty alcohols                                   4.3500680,,,,,,,Benzodiazepine alkaloids               4.249646e-03,,,,,,,Cheilanthane sesterterpenoids          0.6685541
                                                 cov2,,,,,,,,                                                  cov2,,,,,,,,Daphnane diterpenoids                     0.0015293218,,,,,,,Isocoumarins                              0.9980573,,,,,,Aminosugars                                0.037470278,,,,,,,,,,,,,,,,Dialkylresorcinols                        2.875000e-02,,,,,,,,,,,,,,,,Anthranillic acid derivatives                    1.181711e-03,,,,,,,,Lactam bearing macrolide lactones                 2.3612481,,,,,,,,,                                                         cov2,,,,,,,,,                                                      cov2,,,,,,,,,Ansa peptide alkaloids                           9.090083e-05,,,,,,,,Cucurbitane triterpenoids                        4.0757946,,,,,,,Branched fatty acids                   8.332639e-05,,,,,,,Ansa peptide alkaloids                 0.6241119
Abietane diterpenoids                      0.00339932,,,,,,,,Limonoids                                  0.333747108,,,,,,,,Depsipeptides                             0.0045291453,,,,,,,Branched fatty acids                      0.8738959,,,,,,Ansa macrolides                            0.012362512,,,,,,,,,,,,,,,,Dipeptides                                3.350000e-02,,,,,,,,,,,,,,,,Anthraquinones and anthrones                     4.200000e-02,,,,,,,,Villanovane diterpenoids                          2.2442465,,,,,,,,,2-pyrone derivatives                             5.272248e-03,,,,,,,,,Simple cyclic polyketides                        3.6873712,,,,,,,,,Anthranillic acid derivatives                    4.366667e-02,,,,,,,,Penicillins                                      3.9859951,,,,,,,Cheilanthane sesterterpenoids          8.332639e-05,,,,,,,Cinnamic acids and derivatives         0.5207122
Anthraquinones and anthrones               0.00159968,,,,,,,,Lactarane sesquiterpenoids                 0.282079529,,,,,,,,Gibberellins                              0.0034703841,,,,,,,Cyclolaurane sesquiterpenoids             0.8577052,,,,,,Anthraquinones and anthrones               0.004571013,,,,,,,,,,,,,,,,Elemane sesquiterpenoids                  3.466436e-03,,,,,,,,,,,,,,,,Arylnaphthalene and aryltetralin lignans         1.120000e-02,,,,,,,,Norkaurane diterpenoids                           2.0917410,,,,,,,,,3-Decalinoyltetramic acids                       9.090083e-03,,,,,,,,,Chalcones                                        2.2973844,,,,,,,,,Aspidosperma type                                5.090446e-03,,,,,,,,Chalcones                                        3.7953938,,,,,,,Cholestane steroids                    8.332639e-05,,,,,,,Branched fatty acids                   0.5057384
Aspidosperma type                          0.04833333,,,,,,,,Purine nucleosides                         0.224826972,,,,,,,,Glycosyldiacylglycerols                   0.0060000000,,,,,,,Unsaturated fatty acids                   0.8187537,,,,,,Branched fatty acids                       0.025409455,,,,,,,,,,,,,,,,Germacrane sesquiterpenoids               2.799813e-03,,,,,,,,,,,,,,,,Carboline alkaloids                              2.520000e-02,,,,,,,,Glycerophosphoglycerols                           1.9606250,,,,,,,,,Abietane diterpenoids                            2.160000e-02,,,,,,,,,Oxo fatty acids                                  2.1654914,,,,,,,,,Branched fatty acids                             1.666667e-02,,,,,,,,Simple aromatic polyketides                      3.6587687,,,,,,,Cinnamic acids and derivatives         8.332639e-05,,,,,,,Pregnane steroids                      0.4452539
Benzodiazepine alkaloids                   0.02080000,,,,,,,,Phthalide derivatives                      0.148347032,,,,,,,,Halimane diterpenoids                     0.0130000000,,,,,,,Depsipeptides                             0.8007987,,,,,,Carboline alkaloids                        0.010104345,,,,,,,,,,,,,,,,Halimane diterpenoids                     2.799813e-03,,,,,,,,,,,,,,,,"Carotenoids (C40, ?-?)                           1.140000e-02",,,,,,,,Resin glycosides                                  1.9362843,,,,,,,,,Acridone alkaloids                               6.363058e-04,,,,,,,,,Tetraketide meroterpenoids                       1.8362110,,,,,,,,,Carboline alkaloids                              7.272066e-04,,,,,,,,Glycerophosphoglycerols                          3.0380758,,,,,,,Cucurbitane triterpenoids              2.550000e-02,,,,,,,Erythromycins                          0.4365671
Cyclic peptides                            0.01259748,,,,,,,,Other Octadecanoids                        0.140665428,,,,,,,,Hydroxy-hydroperoxyeicosapentaenoic acids 0.0183333333,,,,,,,Glycosyldiacylglycerols                   0.7549314,,,,,,Cyclolaurane sesquiterpenoids              0.001999818,,,,,,,,,,,,,,,,Hydroxy-hydroperoxyeicosapentaenoic acids 7.846154e-03,,,,,,,,,,,,,,,,Catechols with side chains                       7.726570e-03,,,,,,,,Glycosylmonoacylglycerols                         1.8747972,,,,,,,,,Aminoacids                                       4.817744e-03,,,,,,,,,Monoacylglycerols                                1.7689395,,,,,,,,,Chalcones                                        2.727025e-04,,,,,,,,Ansa peptide alkaloids                           3.0065515,,,,,,,Cyclic peptides                        1.583201e-03,,,,,,,Fatty acyl homoserine lactones         0.3919893
Dipeptides                                 0.02020000,,,,,,,,m-Terphenyls                               0.116382897,,,,,,,,Isocoumarins                              0.0032939239,,,,,,,Gibberellins                              0.7334173,,,,,,Daphnane diterpenoids                      0.001999818,,,,,,,,,,,,,,,,Hydroxy-hydroperoxyeicosatetraenoic acids 2.400000e-02,,,,,,,,,,,,,,,,Chalcones                                        9.090083e-05,,,,,,,,Monoalkylresorcinols                              1.8107080,,,,,,,,,Aminosugars                                      1.181711e-03,,,,,,,,,Acridone alkaloids                               1.5074931,,,,,,,,,Cheilanthane sesterterpenoids                    1.272612e-03,,,,,,,,Ursane and Taraxastane triterpenoids             2.8215258,,,,,,,Cycloartane triterpenoids              1.337500e-02,,,,,,,Cytochalasan alkaloids                 0.3741679
Fatty acyl carnitines                      0.02650000,,,,,,,,Anthraquinones and anthrones               0.107178592,,,,,,,,Lactarane sesquiterpenoids                0.0128750000,,,,,,,Halimane diterpenoids                     0.7057349,,,,,,Dialkylresorcinols                         0.047696477,,,,,,,,,,,,,,,,Isoprostanes                              3.500000e-02,,,,,,,,,,,,,,,,Cheilanthane sesterterpenoids                    1.908917e-03,,,,,,,,Eunicellane diterpenoids                          1.8043894,,,,,,,,,Anthocyanidins                                   7.908372e-03,,,,,,,,,Fatty acyl glycosides of mono- and disaccharides 1.3404492,,,,,,,,,Cholane steroids                                 1.950000e-02,,,,,,,,Cycloartane triterpenoids                        2.6436968,,,,,,,Cytochalasan alkaloids                 2.166486e-03,,,,,,,Lupane triterpenoids                   0.3696445
Halimane diterpenoids                      0.01039792,,,,,,,,Phenylalanine-derived alkaloids            0.092768881,,,,,,,,Limonoids                                 0.0012352215,,,,,,,Scalarane sesterterpenoids                0.6457562,,,,,,Elemane sesquiterpenoids                   0.010104345,,,,,,,,,,,,,,,,Lactarane sesquiterpenoids                2.866476e-03,,,,,,,,,,,,,,,,Cholane steroids                                 4.545041e-04,,,,,,,,Chalcones                                         1.7859032,,,,,,,,,Arylnaphthalene and aryltetralin lignans         4.817744e-03,,,,,,,,,Aminosugars                                      1.2737840,,,,,,,,,Cholestane steroids                              7.090265e-03,,,,,,,,Depsipeptides                                    2.2016500,,,,,,,Dammarane and Protostane triterpenoids 1.262500e-02,,,,,,,Resin glycosides                       0.3673227
Herbertane sesquiterpenoids                0.00559888,,,,,,,,Abietane diterpenoids                      0.089593030,,,,,,,,Lipopeptides                              0.0456666667,,,,,,,Anthraquinones and anthrones              0.6453902,,,,,,Halimane diterpenoids                      0.001999818,,,,,,,,,,,,,,,,Limonoids                                 6.666222e-05,,,,,,,,,,,,,,,,Corynanthe type                                  1.850000e-02,,,,,,,,Pulvinones                                        1.7064521,,,,,,,,,Aspidosperma type                                4.125000e-02,,,,,,,,,Leukotrienes                                     1.2400352,,,,,,,,,Corynanthe type                                  2.363422e-03,,,,,,,,Farnesane sesquiterpenoids                       2.0824169,,,,,,,Elemane sesquiterpenoids               2.083160e-03,,,,,,,Menthane monoterpenoids                0.3523532
Hydroxy fatty acids                        0.00919816,,,,,,,,Halimane diterpenoids                      0.077910354,,,,,,,,Monoalkylresorcinols                      0.0370000000,,,,,,,Lactarane sesquiterpenoids                0.6358927,,,,,,Halogenated fatty acids                    0.021515285,,,,,,,,,,,,,,,,Neutral glycosphingolipids                4.266382e-03,,,,,,,,,,,,,,,,Cycloartane triterpenoids                        2.636124e-03,,,,,,,,Ansa macrolides                                   1.6778493,,,,,,,,,Branched fatty acids                             3.075000e-02,,,,,,,,,Hydrocarbons                                     1.1760590,,,,,,,,,Cucurbitane triterpenoids                        9.090083e-05,,,,,,,,Gallotannins                                     1.5084027,,,,,,,Erythromycins                          2.499792e-04,,,,,,,m-Terphenyls                           0.3438587
Hydroxy-hydroperoxyeicosatetraenoic acids  0.03333333,,,,,,,,Isoquinoline alkaloids                     0.073535201,,,,,,,,Other Octadecanoids                       0.0004117405,,,,,,,Straight chain fatty acids                0.6108422,,,,,,Hydroxy fatty acids                        0.021515285,,,,,,,,,,,,,,,,Oleanane triterpenoids                    2.799813e-03,,,,,,,,,,,,,,,,Cytochalasan alkaloids                           9.090083e-05,,,,,,,,Jasmonic acids                                    1.6626121,,,,,,,,,Carboline alkaloids                              9.090909e-03,,,,,,,,,Fatty alcohols                                   1.1682067,,,,,,,,,Cyanopeptolins                                   5.272248e-03,,,,,,,,Prostaglandins                                   1.4940253,,,,,,,Fatty acyl homoserine lactones         5.832847e-04,,,,,,,Cyclic peptides                        0.3316042
Hydroxy-hydroperoxyeicosatrienoic acids    0.02480000,,,,,,,,Hydroxy fatty acids                        0.070290379,,,,,,,,Phosphosphingolipids                      0.0420000000,,,,,,,Hydroxy-hydroperoxyeicosapentaenoic acids 0.5723129,,,,,,Hydroxy-hydroperoxyeicosapentaenoic acids  0.001999818,,,,,,,,,,,,,,,,Other Octadecanoids                       9.545455e-03,,,,,,,,,,,,,,,,Daphnane diterpenoids                            2.180000e-02,,,,,,,,Prostaglandins                                    1.6537738,,,,,,,,,Chalcones                                        2.727025e-04,,,,,,,,,Glycerophosphates                                1.0739716,,,,,,,,,Cycloartane triterpenoids                        4.545041e-04,,,,,,,,Monoacylglycerols                                1.4215812,,,,,,,Germacrane sesquiterpenoids            3.250000e-02,,,,,,,Straight chain fatty acids             0.3212691
Isoquinoline alkaloids                     0.00639872,,,,,,,,Thia fatty acids                           0.069095946,,,,,,,,Phthalide derivatives                     0.0340000000,,,,,,,Polyamines                                0.5359180,,,,,,Hydroxy-hydroperoxyeicosatetraenoic acids  0.011198982,,,,,,,,,,,,,,,,Oxygenated hydrocarbons                   3.800000e-02,,,,,,,,,,,,,,,,Depsipeptides                                    2.454322e-03,,,,,,,,Cholane steroids                                  1.6098868,,,,,,,,,Cholestane steroids                              1.818017e-03,,,,,,,,,Yohimbine-like alkaloids                         1.0513526,,,,,,,,,Cyclolaurane sesquiterpenoids                    3.272430e-03,,,,,,,,Simple coumarins                                 1.3858601,,,,,,,Glycosylmonoacylglycerols              3.125000e-02,,,,,,,Elemane sesquiterpenoids               0.3077825
Lactarane sesquiterpenoids                 0.00019996,,,,,,,,Cyclic peptides                            0.062821580,,,,,,,,Polyamines                                0.0228000000,,,,,,,Aminosugars                               0.5252245,,,,,,Isocoumarins                               0.002666424,,,,,,,,,,,,,,,,Phenylalanine-derived alkaloids           2.400000e-02,,,,,,,,,,,,,,,,Dipeptides                                       1.000000e-02,,,,,,,,Anthranillic acid derivatives                     1.5498392,,,,,,,,,Cinnamic acids and derivatives                   2.727025e-03,,,,,,,,,Cinnamic acids and derivatives                   1.0158588,,,,,,,,,Cytochalasan alkaloids                           8.908281e-03,,,,,,,,Prenyl quinone meroterpenoids                    1.2539278,,,,,,,Hopane and Moretane triterpenoids      2.975000e-02,,,,,,,Terpenoid alkaloids                    0.2945928
Limonoids                                  0.00019996,,,,,,,,Primary amides                             0.059878356,,,,,,,,Pulvinones                                0.0330000000,,,,,,,Abietane diterpenoids                     0.5055681,,,,,,Isoprostanes                               0.029402732,,,,,,,,,,,,,,,,Phthalide derivatives                     5.599627e-03,,,,,,,,,,,,,,,,Ecdysteroids                                     3.181529e-03,,,,,,,,Glycosyldiacylglycerols                           1.5313407,,,,,,,,,Colensane and Clerodane diterpenoids             4.999545e-03,,,,,,,,,Tripeptides                                      1.0110067,,,,,,,,,Dammarane and Protostane triterpenoids           9.090083e-04,,,,,,,,Dammarane and Protostane triterpenoids           1.2215901,,,,,,,Linear peptides                        3.966667e-02,,,,,,,Benzodiazepine alkaloids               0.2937167
Oligomeric phloroglucinols (phlorotannins) 0.02520000,,,,,,,,Oligomeric phloroglucinols (phlorotannins) 0.057899215,,,,,,,,Purine nucleosides                        0.0019998824,,,,,,,Pulvinones                                0.4886636,,,,,,Labdane diterpenoids                       0.025409455,,,,,,,,,,,,,,,,Pimarane and Isopimarane diterpenoids     1.244444e-02,,,,,,,,,,,,,,,,Elemane sesquiterpenoids                         3.090628e-03,,,,,,,,Open-chain polyketides                            1.5205093,,,,,,,,,Corynanthe type                                  9.727273e-03,,,,,,,,,Aminoacids                                       0.9309956,,,,,,,,,Daphnane diterpenoids                            4.133333e-02,,,,,,,,Menthane monoterpenoids                          1.1638790,,,,,,,Lupane triterpenoids                   9.165903e-04,,,,,,,Pyrroloindole alkaloids                0.2792953
Other Octadecanoids                        0.00059988,,,,,,,,Fatty acyl carnitines                      0.056457897,,,,,,,,Pyrrole alkaloids                         0.0345000000,,,,,,,Phthalide derivatives                     0.4848418,,,,,,Lactarane sesquiterpenoids                 0.001999818,,,,,,,,,,,,,,,,Pulvinones                                7.332844e-04,,,,,,,,,,,,,,,,Erythromycins                                    3.666667e-02,,,,,,,,Spirostane steroids                               1.4989915,,,,,,,,,Depsipeptides                                    4.635942e-03,,,,,,,,,Depsipeptides                                    0.8853707,,,,,,,,,Depsipeptides                                    9.090083e-05,,,,,,,,Limonoids                                        1.1602071,,,,,,,Menthane monoterpenoids                3.416382e-03,,,,,,,N-acyl amines                          0.2646884
Phenylalanine-derived alkaloids            0.00259948,,,,,,,,Simple aromatic polyketides                0.054068415,,,,,,,,Scalarane sesterterpenoids                0.0137500000,,,,,,,Pyrrole alkaloids                         0.4737446,,,,,,Limonoids                                  0.001999818,,,,,,,,,,,,,,,,Quinolizidine alkaloids                   1.060000e-02,,,,,,,,,,,,,,,,Eunicellane diterpenoids                         4.545041e-04,,,,,,,,Pimarane and Isopimarane diterpenoids             1.4523408,,,,,,,,,Ergostane steroids                               2.420000e-02,,,,,,,,,Pregnane steroids                                0.8431038,,,,,,,,,Ecdysteroids                                     2.675000e-02,,,,,,,,Hydroxy-hydroperoxyeicosatrienoic acids          1.1001796,,,,,,,N-acyl amines                          6.916090e-03,,,,,,,Aminoacids                             0.2513156
Phthalide derivatives                      0.00059988,,,,,,,,Hydroxy-hydroperoxyeicosatrienoic acids    0.053514238,,,,,,,,Simple coumarins                          0.0403333333,,,,,,,Phosphosphingolipids                      0.4628218,,,,,,Lupane triterpenoids                       0.019476490,,,,,,,,,,,,,,,,Simple aromatic polyketides               1.177778e-02,,,,,,,,,,,,,,,,Farnesane sesquiterpenoids                       4.999545e-03,,,,,,,,3-Decalinoyltetramic acids                        1.4411337,,,,,,,,,Farnesane sesquiterpenoids                       1.750000e-02,,,,,,,,,2-pyrone derivatives                             0.8342293,,,,,,,,,Erythromycins                                    1.999818e-03,,,,,,,,Cheilanthane sesterterpenoids                    1.0614894,,,,,,,Oligomeric stibenes                    2.675000e-02,,,,,,,Simple aromatic polyketides            0.2474302
Primary amides                             0.02200000,,,,,,,,Hydroxy-hydroperoxyeicosatetraenoic acids  0.047315334,,,,,,,,Straight chain fatty acids                0.0154285714,,,,,,,"Carotenoids (C40, ?-?)                    0.4418772",,,,,,Monoalkylresorcinols                       0.021864679,,,,,,,,,,,,,,,,Simple indole alkaloids                   4.533031e-03,,,,,,,,,,,,,,,,Fatty acyl glycosides of mono- and disaccharides 6.363058e-04,,,,,,,,Phthalide derivatives                             1.3635782,,,,,,,,,Fatty acyl carnitines                            1.900000e-02,,,,,,,,,Anthocyanidins                                   0.8281045,,,,,,,,,Farnesane sesquiterpenoids                       9.090083e-05,,,,,,,,Polyene macrolides                               1.0477473,,,,,,,Oxygenated hydrocarbons                1.800000e-02,,,,,,,Phenylalanine-derived alkaloids        0.2435530
Purine nucleosides                         0.00019996,,,,,,,,Dipeptides                                 0.046861864,,,,,,,,Taraxerane triterpenoids                  0.0337500000,,,,,,,Monoalkylresorcinols                      0.4409470,,,,,,Oleanane triterpenoids                     0.006999364,,,,,,,,,,,,,,,,Straight chain fatty acids                3.399773e-03,,,,,,,,,,,,,,,,Glucosinolates                                   5.090446e-03,,,,,,,,Fatty acyl glycosides of mono- and disaccharides  1.3460522,,,,,,,,,Fatty acyl glycosides of mono- and disaccharides 8.181074e-04,,,,,,,,,Hydroxy-hydroperoxyeicosapentaenoic acids        0.8241774,,,,,,,,,Fatty acyl glycosides of mono- and disaccharides 2.636124e-03,,,,,,,,Erythromycins                                    1.0328108,,,,,,,Phenylalanine-derived alkaloids        7.416049e-03,,,,,,,Yohimbine-like alkaloids               0.2413310
Simple aromatic polyketides                0.01779644,,,,,,,,Aspidosperma type                          0.046731313,,,,,,,,Unsaturated fatty acids                   0.0039997647,,,,,,,Simple coumarins                          0.4178862,,,,,,Oligomeric phloroglucinols (phlorotannins) 0.024255859,,,,,,,,,,,,,,,,Terpenoid alkaloids                       3.800000e-02,,,,,,,,,,,,,,,,Glycerophosphoglycerols                          4.545041e-04,,,,,,,,Tetracyclic diterpenoids                          1.3311702,,,,,,,,,Fatty alcohols                                   1.545314e-03,,,,,,,,,Halogenated fatty acids                          0.8225659,,,,,,,,,Fatty acyl homoserine lactones                   4.090537e-03,,,,,,,,Straight chain fatty acids                       1.0219966,,,,,,,Pimarane and Isopimarane diterpenoids  2.825000e-02,,,,,,,Totarane diterpenoids                  0.2375117
Simple coumarins                           0.04633333,,,,,,,,Simple coumarins                           0.045304929,,,,,,,,> dim(significant_covTempsite_otu_q_omni3_valuesf2),,,,,,,Lipopeptides                              0.3960370,,,,,,Other Octadecanoids                        0.001999818,,,,,,,,,,,,,,,,Wax monoesters                            5.666289e-03,,,,,,,,,,,,,,,,Glycosyldiacylglycerols                          4.545041e-04,,,,,,,,Tigliane diterpenoids                             1.3006472,,,,,,,,,Glycerophosphates                                9.090083e-04,,,,,,,,,Arylnaphthalene and aryltetralin lignans         0.8194409,,,,,,,,,Fatty alcohols                                   9.090083e-05,,,,,,,,Carboline alkaloids                              1.0114352,,,,,,,Polyamines                             8.332639e-05,,,,,,,Oxygenated hydrocarbons                0.2254355
Thia fatty acids                           0.01279744,,,,,,,,Benzodiazepine alkaloids                   0.041253616,,,,,,,,[1] 8 1,,,,,,,Taraxerane triterpenoids                  0.3792453,,,,,,Oxygenated hydrocarbons                    0.021515285,,,,,,,,,,,,,,,,m-Terphenyls                              1.666556e-03,,,,,,,,,,,,,,,,Glycosylmonoacylglycerols                        2.727025e-04,,,,,,,,Triacylglycerols                                  1.2591605,,,,,,,,,Glycerophosphoglycerols                          5.908554e-03,,,,,,,,,Pyridine alkaloids                               0.7717295,,,,,,,,,Gallotannins                                     1.727116e-03,,,,,,,,Fatty acyl glycosides of mono- and disaccharides 0.9955948,,,,,,,Pregnane steroids                      2.499792e-04,,,,,,,Dammarane and Protostane triterpenoids 0.2227664
m-Terphenyls                               0.00059988,,,,,,,,Herbertane sesquiterpenoids                0.006256456,,,,,,,,> print(significant_covTempsite_otu_q_omni3_valuesf2),,,,,,,,,,,,,Phenylalanine-derived alkaloids            0.021515285,,,,,,,,,,,,,,,,> dim(significant_covTempsite_otu_q_omni3_valuesf2),,,,,,,,,,,,,,,,Hydrocarbons                                     1.454413e-03,,,,,,,,Elemane sesquiterpenoids                          1.1735240,,,,,,,,,Glycerophosphoglycerophosphoglycerols            2.975000e-02,,,,,,,,,Unsaturated fatty acids                          0.7555454,,,,,,,,,Germacrane sesquiterpenoids                      1.457143e-02,,,,,,,,Cyclolaurane sesquiterpenoids                    0.9944892,,,,,,,Prenyl quinone meroterpenoids          1.642857e-02,,,,,,,Cycloartane triterpenoids              0.2181672
> dim(significant_covTemp_Site_p.otu.omni3f3),,,,,,,,,,,,,,,,                                   cov3,,,,,,,,,,,,,Phosphosphingolipids                       0.044400000,,,,,,,,,,,,,,,,[1] 6 1,,,,,,,,,,,,,,,,Iboga type                                       3.272430e-03,,,,,,,,Polyene macrolides                                1.0931725,,,,,,,,,Halogenated fatty acids                          4.545041e-03,,,,,,,,,Scalarane sesterterpenoids                       0.7248134,,,,,,,,,Glycerophosphates                                5.726752e-03,,,,,,,,Aminosugars                                      0.9798666,,,,,,,Pyridine alkaloids                     2.120000e-02,,,,,,,Pyridine alkaloids                     0.2121038
[1] 7 1,,,,,,,,,,,,,,,,Diacylglycerols             0.016833333,,,,,,,,,,,,,Phthalide derivatives                      0.002666424,,,,,,,,,,,,,,,,> print(significant_covTempsite_otu_q_omni3_valuesf2),,,,,,,,,,,,,,,,Jasmonic acids                                   2.727025e-04,,,,,,,,Cycloartane triterpenoids                         1.0041647,,,,,,,,,Hydrocarbons                                     2.545223e-03,,,,,,,,,Linear peptides                                  0.7208834,,,,,,,,,Glycerophosphoglycerols                          9.090083e-05,,,,,,,,Leukotrienes                                     0.9777575,,,,,,,Pyrroloindole alkaloids                7.332722e-03,,,,,,,Unsaturated fatty acids                0.2078736
> print(significant_covTemp_Site_p.otu.omni3f3),,,,,,,,,,,,,,,,Glycerophosphoethanolamines 0.015000000,,,,,,,,,,,,,Polyamines                                 0.011427533,,,,,,,,,,,,,,,,                                          cov3,,,,,,,,,,,,,,,,Lactam bearing macrolide lactones                2.727025e-04,,,,,,,,Iboga type                                        0.9640090,,,,,,,,,Hydroxy fatty acids                              4.100000e-02,,,,,,,,,Carboline alkaloids                              0.6957795,,,,,,,,,Halogenated fatty acids                          4.700000e-02,,,,,,,,Labdane diterpenoids                             0.9665825,,,,,,,Resin glycosides                       9.999167e-04,,,,,,,Germacrane sesquiterpenoids            0.1932734
                                  cov3,,,,,,,,,,,,,,,,Oxygenated hydrocarbons     0.045333333,,,,,,,,,,,,,Prenyl quinone meroterpenoids              0.028340281,,,,,,,,,,,,,,,,Glucosinolates                    0.0480000000,,,,,,,,,,,,,,,,Lactarane sesquiterpenoids                       1.542857e-02,,,,,,,,Depsipeptides                                     0.9572243,,,,,,,,,Hydroxy-hydroperoxyeicosapentaenoic acids        6.544860e-03,,,,,,,,,Oleanane triterpenoids                           0.6727591,,,,,,,,,Hydroxy-hydroperoxyeicosapentaenoic acids        5.726752e-03,,,,,,,,Aspidosperma type                                0.9259700,,,,,,,Simple aromatic polyketides            6.499458e-03,,,,,,,Prenyl quinone meroterpenoids          0.1867419
Amino fatty acids           0.01539692,,,,,,,,,,,,,,,,Penicillins                 0.004375000,,,,,,,,,,,,,Primary amides                             0.028441859,,,,,,,,,,,,,,,,Hopane and Moretane triterpenoids 0.0005322495,,,,,,,,,,,,,,,,"Lanostane, Tirucallane and Euphane triterpenoids 2.400000e-02",,,,,,,,Podocarpane diterpenoids                          0.8745291,,,,,,,,,Jasmonic acids                                   1.362500e-02,,,,,,,,,Corynanthe type                                  0.6643328,,,,,,,,,Hydroxy-hydroperoxyeicosatrienoic acids          1.545314e-03,,,,,,,,Oleanane triterpenoids                           0.8748058,,,,,,,Straight chain fatty acids             2.916424e-03,,,,,,,Oligomeric stibenes                    0.1860255
Aminoacids                  0.03600000,,,,,,,,,,,,,,,,Pulvinones                  0.030000000,,,,,,,,,,,,,Pulvinones                                 0.004571013,,,,,,,,,,,,,,,,Polyene macrolides                0.0236000000,,,,,,,,,,,,,,,,Limonoids                                        3.466667e-02,,,,,,,,Hydrocarbons                                      0.8622015,,,,,,,,,Leukotrienes                                     2.727025e-04,,,,,,,,,m-Terphenyls                                     0.6635893,,,,,,,,,Iboga type                                       1.908917e-03,,,,,,,,Neutral glycosphingolipids                       0.8530416,,,,,,,Terpenoid alkaloids                    3.833014e-03,,,,,,,Glycosylmonoacylglycerols              0.1768346
Labdane diterpenoids        0.02925000,,,,,,,,,,,,,,,,Purine nucleotides          0.048666667,,,,,,,,,,,,,Purine nucleosides                         0.001999818,,,,,,,,,,,,,,,,Pulvinones                        0.0420000000,,,,,,,,,,,,,,,,Menthane monoterpenoids                          9.090083e-05,,,,,,,,Cheilanthane sesterterpenoids                     0.8533349,,,,,,,,,Linear peptides                                  7.908372e-03,,,,,,,,,Jasmonic acids                                   0.6583023,,,,,,,,,Labdane diterpenoids                             3.545132e-03,,,,,,,,Cyanopeptolins                                   0.8393291,,,,,,,Tetraketide meroterpenoids             8.332639e-05,,,,,,,Pimarane and Isopimarane diterpenoids  0.1701705
Phenylethylamines           0.01079784,,,,,,,,,,,,,,,,Pyrroloindole alkaloids     0.045000000,,,,,,,,,,,,,Pyrrole alkaloids                          0.037740159,,,,,,,,,,,,,,,,Purine nucleosides                0.0433333333,,,,,,,,,,,,,,,,Monoalkylresorcinols                             7.272066e-04,,,,,,,,Pregnane steroids                                 0.8343917,,,,,,,,,Monoacylglycerols                                8.181074e-04,,,,,,,,,Sphingoid bases                                  0.6570518,,,,,,,,,Lactam bearing macrolide lactones                3.275000e-02,,,,,,,,Fatty acyl homoserine lactones                   0.8106378,,,,,,,Totarane diterpenoids                  1.387500e-02,,,,,,,Anthocyanidins                         0.1655439
Pyrrolidine alkaloids       0.04100000,,,,,,,,,,,,,,,,Simple aromatic polyketides 0.008307692,,,,,,,,,,,,,Simple aromatic polyketides                0.021515285,,,,,,,,,,,,,,,,Scalarane sesterterpenoids        0.0446666667,,,,,,,,,,,,,,,,Monosaccharides                                  9.454545e-03,,,,,,,,Ecdysteroids                                      0.8342818,,,,,,,,,N-acyl amines                                    4.766667e-02,,,,,,,,,Glycerophosphoglycerols                          0.6161567,,,,,,,,,"Lanostane, Tirucallane and Euphane triterpenoids 1.666667e-02",,,,,,,,Villanovane diterpenoids                         0.7751133,,,,,,,Unsaturated fatty acids                1.816667e-02,,,,,,,Anthranillic acid derivatives          0.1635341
Simple aromatic polyketides 0.01699660,,,,,,,,,,,,,,,,,,,,,,,,,,,,,Simple coumarins                           0.021515285,,,,,,,,,,,,,,,,,,,,,,,,,,,,,,,,Mycosporine and Mycosporine-like amino acids     3.966667e-02,,,,,,,,Simple cyclic polyketides                         0.8061397,,,,,,,,,Oleanane triterpenoids                           1.454413e-03,,,,,,,,,Colensane and Clerodane diterpenoids             0.6160835,,,,,,,,,Leukotrienes                                     2.999727e-03,,,,,,,,Oligomeric phloroglucinols (phlorotannins)       0.7693604,,,,,,,Yohimbine-like alkaloids               9.909091e-03,,,,,,,Linear peptides                        0.1626124
Taraxerane triterpenoids    0.00319936,,,,,,,,,,,,,,,,>,,,,,,,,,,,,,Simple indole alkaloids                    0.010104345,,,,,,,,,,,,,,,,,,,,,,,,,,,,,,,,Neutral glycosphingolipids                       2.727025e-04,,,,,,,,Dipeptides                                        0.7506163,,,,,,,,,Oxo fatty acids                                  9.090083e-05,,,,,,,,,Polyamines                                       0.6085685,,,,,,,,,Limonoids                                        9.999091e-04,,,,,,,,Hydroxy-hydroperoxyeicosapentaenoic acids        0.7471711,,,,,,,m-Terphenyls                           2.166486e-03,,,,,,,Amino fatty acids                      0.1603161
,,,,,,,,,,,,,,,,,,,,,,,,,,,,,Straight chain fatty acids                 0.002666424,,,,,,,,,,,,,,,,,,,,,,,,,,,,,,,,Norkaurane diterpenoids                          2.727025e-04,,,,,,,,Arylnaphthalene and aryltetralin lignans          0.7238808,,,,,,,,,Podocarpane diterpenoids                         4.800000e-02,,,,,,,,,Cholestane steroids                              0.5882337,,,,,,,,,Lipopeptides                                     1.020000e-02,,,,,,,,Iboga type                                       0.7388271,,,,,,,> dim(significant_covTempsite_otu_q_omni3_valuesf2),,,,,,,Hopane and Moretane triterpenoids      0.1583755
>,,,,,,,,,,,,,,,,,,,,,,,,,,,,,Terpenoid alkaloids                        0.025409455,,,,,,,,,,,,,,,,,,,,,,,,,,,,,,,,Open-chain polyketides                           8.181074e-04,,,,,,,,Catechols with side chains                        0.7153840,,,,,,,,,Polyamines                                       1.412500e-02,,,,,,,,,3-Decalinoyltetramic acids                       0.5785088,,,,,,,,,Menthane monoterpenoids                          1.090810e-03,,,,,,,,3-Decalinoyltetramic acids                       0.7321207,,,,,,,[1] 5 1,,,,,,,Cucurbitane triterpenoids              0.1014353
,,,,,,,,,,,,,,,,,,,,,,,,,,,,,Unsaturated fatty acids                    0.005332849,,,,,,,,,,,,,,,,,,,,,,,,,,,,,,,,Oxo fatty acids                                  1.900000e-02,,,,,,,,Piperidine alkaloids                              0.7042150,,,,,,,,,Pregnane steroids                                6.272157e-03,,,,,,,,,Prostaglandins                                   0.5655743,,,,,,,,,Monoacylglycerols                                4.545041e-04,,,,,,,,Pyrrolidine alkaloids                            0.7203489,,,,,,,> print(significant_covTempsite_otu_q_omni3_valuesf2),,,,,,,
,,,,,,,,,,,,,,,,,,,,,,,,,,,,,> dim(significant_covwaterTemp_Site_otu_q_freq_valuesf2),,,,,,,,,,,,,,,,,,,,,,,,,,,,,,,,Phthalide derivatives                            1.908917e-03,,,,,,,,Glucosinolates                                    0.6739695,,,,,,,,,Prostaglandins                                   1.733333e-02,,,,,,,,,Ergostane steroids                               0.5646214,,,,,,,,,Neutral glycosphingolipids                       4.181438e-03,,,,,,,,Norkaurane diterpenoids                          0.7154786,,,,,,,                                               cov3,,,,,,,
,,,,,,,,,,,,,,,,,,,,,,,,,,,,,[1] 0 1,,,,,,,,,,,,,,,,,,,,,,,,,,,,,,,,Pimarane and Isopimarane diterpenoids            9.999091e-04,,,,,,,,Pyrroloindole alkaloids                           0.6609350,,,,,,,,,Pyridine alkaloids                               8.635579e-03,,,,,,,,,Farnesane sesquiterpenoids                       0.5566420,,,,,,,,,Norkaurane diterpenoids                          7.181165e-03,,,,,,,,Corynanthe type                                  0.7099879,,,,,,,Hydroxy-hydroperoxyeicosatrienoic acids 0.044000000,,,,,,,
,,,,,,,,,,,,,,,,,,,,,,,,,,,,,> print(significant_covwaterTemp_Site_otu_q_freq_valuesf2),,,,,,,,,,,,,,,,,,,,,,,,,,,,,,,,Piperidine alkaloids                             1.442857e-02,,,,,,,,Pyrimidine nucleosides                            0.6500756,,,,,,,,,Quinolizidine alkaloids                          3.400000e-02,,,,,,,,,Abietane diterpenoids                            0.5526007,,,,,,,,,Oleanane triterpenoids                           2.999727e-03,,,,,,,,Purine nucleosides                               0.7072764,,,,,,,N-acyl amines                           0.029000000,,,,,,,
,,,,,,,,,,,,,,,,,,,,,,,,,,,,,[1] cov4,,,,,,,,,,,,,,,,,,,,,,,,,,,,,,,,Podocarpane diterpenoids                         1.181711e-03,,,,,,,,Farnesane sesquiterpenoids                        0.6353032,,,,,,,,,Scalarane sesterterpenoids                       1.009091e-02,,,,,,,,,Fatty acyl carnitines                            0.5510061,,,,,,,,,Oligomeric phloroglucinols (phlorotannins)       5.181347e-03,,,,,,,,Cytochalasan alkaloids                           0.7042031,,,,,,,Primary amides                          0.025500000,,,,,,,
,,,,,,,,,,,,,,,,,,,,,,,,,,,,,<0 rows> (or 0-length row.names),,,,,,,,,,,,,,,,,,,,,,,,,,,,,,,,Polyene macrolides                               2.545223e-03,,,,,,,,,,,,,,,,,Simple cyclic polyketides                        2.727025e-04,,,,,,,,,Ursane and Taraxastane triterpenoids             0.5410571,,,,,,,,,Other Octadecanoids                              2.525000e-02,,,,,,,,Lipopeptides                                     0.6860464,,,,,,,Taraxerane triterpenoids                0.005555556,,,,,,,
,,,,,,,,,,,,,,,,,,,,,,,,,,,,,> dim(significant_covwaterTemp_Site_otu_q_freq_valuesf2),,,,,,,,,,,,,,,,,,,,,,,,,,,,,,,,Pregnane steroids                                1.818017e-03,,,,,,,,>,,,,,,,,,Sphingoid bases                                  8.817380e-03,,,,,,,,,Glycerophosphoglycerophosphoglycerols            0.5186204,,,,,,,,,Oxygenated hydrocarbons                          9.090083e-05,,,,,,,,Cholestane steroids                              0.6828759,,,,,,,Thromboxanes                            0.032250000,,,,,,,
,,,,,,,,,,,,,,,,,,,,,,,,,,,,,[1] 0 1,,,,,,,,,,,,,,,,,,,,,,,,,,,,,,,,Prostaglandins                                   9.090083e-05,,,,,,,,,,,,,,,,,Tetracyclic diterpenoids                         4.500000e-02,,,,,,,,,Triacylglycerols                                 0.5083219,,,,,,,,,Penicillins                                      9.090083e-05,,,,,,,,Abietane diterpenoids                            0.6549752,,,,,,,,,,,,,,
,,,,,,,,,,,,,,,,,,,,,,,,,,,,,> print(significant_covwaterTemp_Site_otu_q_freq_valuesf2),,,,,,,,,,,,,,,,,,,,,,,,,,,,,,,,Pulvinones                                       9.999091e-04,,,,,,,,,,,,,,,,,Tetraketide meroterpenoids                       4.545041e-04,,,,,,,,,Quinolizidine alkaloids                          0.4574848,,,,,,,,,Pimarane and Isopimarane diterpenoids            1.766667e-02,,,,,,,,> ds_sel_classCrude <- ds_sel_class %>%,,,,,,,>,,,,,,,
,,,,,,,,,,,,,,,,,,,,,,,,,,,,,[1] cov4,,,,,,,,,,,,,,,,,,,,,,,,,,,,,,,,Pyridine alkaloids                               1.250000e-02,,,,,,,,,,,,,,,,,Triacylglycerols                                 2.700000e-02,,,,,,,,,Branched fatty acids                             0.4432536,,,,,,,,,Polyene macrolides                               1.454413e-03,,,,,,,,,,,,,,,,,,,,,,
,,,,,,,,,,,,,,,,,,,,,,,,,,,,,<0 rows> (or 0-length row.names),,,,,,,,,,,,,,,,,,,,,,,,,,,,,,,,Pyrimidine nucleosides                           8.453777e-03,,,,,,,,,,,,,,,,,Tripeptides                                      2.999727e-03,,,,,,,,,Aspidosperma type                                0.4098841,,,,,,,,,Polyether ionophores                             4.166667e-02,,,,,,,,,,,,,,,,,,,,,,
,,,,,,,,,,,,,,,,,,,,,,,,,,,,,> dim(significant_covtypefraction_Site_otu_q_freq_valuesf2),,,,,,,,,,,,,,,,,,,,,,,,,,,,,,,,Pyrroloindole alkaloids                          1.277778e-02,,,,,,,,,,,,,,,,,Unsaturated fatty acids                          5.090446e-03,,,,,,,,,N-acyl amines                                    0.3930729,,,,,,,,,Pregnane steroids                                2.220000e-02,,,,,,,,,,,,,,,,,,,,,,
,,,,,,,,,,,,,,,,,,,,,,,,,,,,,[1] 0 1,,,,,,,,,,,,,,,,,,,,,,,,,,,,,,,,Resin glycosides                                 9.999091e-04,,,,,,,,,,,,,,,,,Ursane and Taraxastane triterpenoids             1.600000e-02,,,,,,,,,,,,,,,,,,Prenyl quinone meroterpenoids                    9.999091e-04,,,,,,,,,,,,,,,,,,,,,,
,,,,,,,,,,,,,,,,,,,,,,,,,,,,,> print(significant_covtypefraction_Site_otu_q_freq_valuesf2),,,,,,,,,,,,,,,,,,,,,,,,,,,,,,,,Scalarane sesterterpenoids                       9.090083e-05,,,,,,,,,,,,,,,,,Yohimbine-like alkaloids                         9.999091e-04,,,,,,,,,>,,,,,,,,,Prostaglandins                                   6.363058e-04,,,,,,,,,,,,,,,,,,,,,,
,,,,,,,,,,,,,,,,,,,,,,,,,,,,,[1] cov5,,,,,,,,,,,,,,,,,,,,,,,,,,,,,,,,Simple cyclic polyketides                        6.908463e-03,,,,,,,,,,,,,,,,,m-Terphenyls                                     1.200000e-02,,,,,,,,,,,,,,,,,,Purine nucleosides                               8.362876e-03,,,,,,,,,,,,,,,,,,,,,,
,,,,,,,,,,,,,,,,,,,,,,,,,,,,,<0 rows> (or 0-length row.names),,,,,,,,,,,,,,,,,,,,,,,,,,,,,,,,Simple indole alkaloids                          3.666667e-02,,,,,,,,,,,,,,,,,> dim(significant_covTempsite_otu_q_omni3_valuesf2),,,,,,,,,,,,,,,,,,Pyrrole alkaloids                                9.090083e-05,,,,,,,,,,,,,,,,,,,,,,
,,,,,,,,,,,,,,,,,,,,,,,,,,,,,> dim(significant_covwaterTemp_typefraction_otu_q_freq_valuesf2),,,,,,,,,,,,,,,,,,,,,,,,,,,,,,,,Sphaerane diterpenoids                           3.900000e-02,,,,,,,,,,,,,,,,,[1] 5 1,,,,,,,,,,,,,,,,,,Pyrrolidine alkaloids                            1.562500e-02,,,,,,,,,,,,,,,,,,,,,,
,,,,,,,,,,,,,,,,,,,,,,,,,,,,,[1] 0 1,,,,,,,,,,,,,,,,,,,,,,,,,,,,,,,,Spirostane steroids                              1.181711e-03,,,,,,,,,,,,,,,,,> print(significant_covTempsite_otu_q_omni3_valuesf2),,,,,,,,,,,,,,,,,,Simple aromatic polyketides                      9.090083e-05,,,,,,,,,,,,,,,,,,,,,,
,,,,,,,,,,,,,,,,,,,,,,,,,,,,,> print(significant_covwaterTemp_typefraction_otu_q_freq_valuesf2),,,,,,,,,,,,,,,,,,,,,,,,,,,,,,,,Terpenoid alkaloids                              2.727025e-04,,,,,,,,,,,,,,,,,                                                cov3,,,,,,,,,,,,,,,,,,Simple coumarins                                 1.545314e-03,,,,,,,,,,,,,,,,,,,,,,
,,,,,,,,,,,,,,,,,,,,,,,,,,,,,[1] cov6,,,,,,,,,,,,,,,,,,,,,,,,,,,,,,,,Tetracyclic diterpenoids                         6.363058e-04,,,,,,,,,,,,,,,,,Abietane diterpenoids                     0.03866667,,,,,,,,,,,,,,,,,,Simple indole alkaloids                          3.700000e-02,,,,,,,,,,,,,,,,,,,,,,
,,,,,,,,,,,,,,,,,,,,,,,,,,,,,<0 rows> (or 0-length row.names),,,,,,,,,,,,,,,,,,,,,,,,,,,,,,,,Tigliane diterpenoids                            1.908917e-03,,,,,,,,,,,,,,,,,Fatty acyl homoserine lactones            0.03325000,,,,,,,,,,,,,,,,,,Straight chain fatty acids                       4.181438e-03,,,,,,,,,,,,,,,,,,,,,,
,,,,,,,,,,,,,,,,,,,,,,,,,,,,,> dim(significant_covSite_waterTemp_typefraction_otu_q_freq_valuesf2),,,,,,,,,,,,,,,,,,,,,,,,,,,,,,,,Triacylglycerols                                 6.363058e-04,,,,,,,,,,,,,,,,,Hydroxy-hydroperoxyeicosapentaenoic acids 0.04766667,,,,,,,,,,,,,,,,,,Tetracyclic diterpenoids                         2.900000e-02,,,,,,,,,,,,,,,,,,,,,,
,,,,,,,,,,,,,,,,,,,,,,,,,,,,,[1] 0 1,,,,,,,,,,,,,,,,,,,,,,,,,,,,,,,,Tricyclic guanidine alkaloids                    1.428571e-02,,,,,,,,,,,,,,,,,Labdane diterpenoids                      0.02440000,,,,,,,,,,,,,,,,,,Triacylglycerols                                 4.066667e-02,,,,,,,,,,,,,,,,,,,,,,
,,,,,,,,,,,,,,,,,,,,,,,,,,,,,> print(significant_covSite_waterTemp_typefraction_otu_q_freq_valuesf2),,,,,,,,,,,,,,,,,,,,,,,,,,,,,,,,Tropolones and derivatives (Shikimate)           2.120000e-02,,,,,,,,,,,,,,,,,Pyrrolidine alkaloids                     0.04800000,,,,,,,,,,,,,,,,,,Tripeptides                                      2.060000e-02,,,,,,,,,,,,,,,,,,,,,,
,,,,,,,,,,,,,,,,,,,,,,,,,,,,,[1] cov7,,,,,,,,,,,,,,,,,,,,,,,,,,,,,,,,Villanovane diterpenoids                         2.727025e-04,,,,,,,,,,,,,,,,,,,,,,,,,,,,,,,,,,,Ursane and Taraxastane triterpenoids             2.727025e-04,,,,,,,,,,,,,,,,,,,,,,
,,,,,,,,,,,,,,,,,,,,,,,,,,,,,<0 rows> (or 0-length row.names),,,,,,,,,,,,,,,,,,,,,,,,,,,,,,,,> dim(significant_covTempsite_otu_q_omni3_valuesf2),,,,,,,,,,,,,,,,,>,,,,,,,,,,,,,,,,,,Villanovane diterpenoids                         4.545041e-03,,,,,,,,,,,,,,,,,,,,,,
,,,,,,,,,,,,,,,,,,,,,,,,,,,,,,,,,,,,,,,,,,,,,,,,,,,,,,,,,,,,,[1] 9 1,,,,,,,,,,,,,,,,,,,,,,,,,,,,,,,,,,,m-Terphenyls                                     1.950000e-02,,,,,,,,,,,,,,,,,,,,,,
,,,,,,,,,,,,,,,,,,,,,,,,,,,,,>,,,,,,,,,,,,,,,,,,,,,,,,,,,,,,,,> print(significant_covTempsite_otu_q_omni3_valuesf2),,,,,,,,,,,,,,,,,,,,,,,,,,,,,,,,,,,> dim(significant_covTempsite_otu_q_omni3_valuesf2),,,,,,,,,,,,,,,,,,,,,,
,,,,,,,,,,,,,,,,,,,,,,,,,,,,,,,,,,,,,,,,,,,,,,,,,,,,,,,,,,,,,                               cov3,,,,,,,,,,,,,,,,,,,,,,,,,,,,,,,,,,,[1] 9 1,,,,,,,,,,,,,,,,,,,,,,
,,,,,,,,,,,,,,,,,,,,,,,,,,,,,> dim(significant_covTemp_otu_q_omni3_valuesf2),,,,,,,,,,,,,,,,,,,,,,,,,,,,,,,,Aminoglycosides          0.04466667,,,,,,,,,,,,,,,,,,,,,,,,,,,,,,,,,,,> print(significant_covTempsite_otu_q_omni3_valuesf2),,,,,,,,,,,,,,,,,,,,,,
,,,,,,,,,,,,,,,,,,,,,,,,,,,,,[1] 0 1,,,,,,,,,,,,,,,,,,,,,,,,,,,,,,,,Ergostane steroids       0.03466667,,,,,,,,,,,,,,,,,,,,,,,,,,,,,,,,,,,                                                 cov3,,,,,,,,,,,,,,,,,,,,,,
,,,,,,,,,,,,,,,,,,,,,,,,,,,,,> print(significant_covTemp_otu_q_omni3_valuesf2),,,,,,,,,,,,,,,,,,,,,,,,,,,,,,,,Glucosinolates           0.04100000,,,,,,,,,,,,,,,,,,,,,,,,,,,,,,,,,,,Chalcones                                  0.04833333,,,,,,,,,,,,,,,,,,,,,,
,,,,,,,,,,,,,,,,,,,,,,,,,,,,,[1] cov1,,,,,,,,,,,,,,,,,,,,,,,,,,,,,,,,Halimane diterpenoids    0.01666667,,,,,,,,,,,,,,,,,,,,,,,,,,,,,,,,,,,Glycerophosphoglycerophosphoglycerols      0.01222222,,,,,,,,,,,,,,,,,,,,,,
,,,,,,,,,,,,,,,,,,,,,,,,,,,,,<0 rows> (or 0-length row.names),,,,,,,,,,,,,,,,,,,,,,,,,,,,,,,,Isoprostanes             0.04400000,,,,,,,,,,,,,,,,,,,,,,,,,,,,,,,,,,,Menthane monoterpenoids                    0.04066667,,,,,,,,,,,,,,,,,,,,,,
,,,,,,,,,,,,,,,,,,,,,,,,,,,,,> dim(significant_covtypefraction_otu_q_omni3_valuesf2),,,,,,,,,,,,,,,,,,,,,,,,,,,,,,,,Pregnane steroids        0.02400000,,,,,,,,,,,,,,,,,,,,,,,,,,,,,,,,,,,Oleanane triterpenoids                     0.02020000,,,,,,,,,,,,,,,,,,,,,,
,,,,,,,,,,,,,,,,,,,,,,,,,,,,,[1] 1 1,,,,,,,,,,,,,,,,,,,,,,,,,,,,,,,,Purine nucleosides       0.01288889,,,,,,,,,,,,,,,,,,,,,,,,,,,,,,,,,,,Oligomeric phloroglucinols (phlorotannins) 0.04566667,,,,,,,,,,,,,,,,,,,,,,
,,,,,,,,,,,,,,,,,,,,,,,,,,,,,> print(significant_covtypefraction_otu_q_omni3_valuesf2),,,,,,,,,,,,,,,,,,,,,,,,,,,,,,,,Pyridine alkaloids       0.01133333,,,,,,,,,,,,,,,,,,,,,,,,,,,,,,,,,,,Oxygenated hydrocarbons                    0.03666667,,,,,,,,,,,,,,,,,,,,,,
,,,,,,,,,,,,,,,,,,,,,,,,,,,,,                              cov3,,,,,,,,,,,,,,,,,,,,,,,,,,,,,,,,Taraxerane triterpenoids 0.03700000,,,,,,,,,,,,,,,,,,,,,,,,,,,,,,,,,,,Pyrrolidine alkaloids                      0.04066667,,,,,,,,,,,,,,,,,,,,,,
,,,,,,,,,,,,,,,,,,,,,,,,,,,,,Open-chain polyketides 0.004943294,,,,,,,,,,,,,,,,,,,,,,,,,,,,,,,,,,,,,,,,,,,,,,,,,,,,,,,,,,,,,,,,,,,Simple aromatic polyketides                0.04700000,,,,,,,,,,,,,,,,,,,,,,
,,,,,,,,,,,,,,,,,,,,,,,,,,,,,> dim(significant_covlsite_otu_q_omni3_valuesf2),,,,,,,,,,,,,,,,,,,,,,,,,,,,,,,,,,,,,,,,,,,,,,,,,,,,,,,,,,,,,,,,,,,Simple indole alkaloids                    0.04666667,,,,,,,,,,,,,,,,,,,,,,
,,,,,,,,,,,,,,,,,,,,,,,,,,,,,[1] 38  1,,,,,,,,By Fvalue site,,,,,,,,,,,,,,,,,,,,,,,,,,,,,,,,,,,,,,,,,,,,,,,,,,,,,,,,,,,,,,,,,,,,,,,,,,,,,,,,,
,,,,,,,,,,,,,,,,,,,,,,,,,,,,,> print(significant_covlsite_otu_q_omni3_valuesf2),,,,,,,,,,,,,,,,,,,,,,,,,,,,,,,,,,,,,,,,,,,,,,,,,,,,,,,,,,,,,,,,,,,>,,,,,,,,,,,,,,,,,,,,,,
,,,,,,,,,,,,,,,,,,,,,,,,,,,,,                                                  cov2,,,,,,,,> print(top_50_Site),,,,,,,,,,,,,,,,,,,,,,,,,,,,,,,,,,,,,,,,,,,,,,,,,,,,,,,,,,,,,,,,,,,,,,,,,,,,,,,,,
,,,,,,,,,,,,,,,,,,,,,,,,,,,,,Abietane diterpenoids                      0.002537824,,,,,,,,                                                cov2,,,,,,,,,,,,,,,,,,,,,,,,,,,,,,,,,,,,,,,,,,,,,,,,,,,,,,,,,,,,,,,,,,,,,,,,,,,,,,,,,
,,,,,,,,,,,,,,,,,,,,,,,,,,,,,Aminosugars                                0.039306456,,,,,,,,Limonoids                                  1.5026302,,,,,,,,,,,,,,,,,,,,,,,,,,,,,,,,,,,,,,,,,,,,,,,,,,,,,,,,,,,,,,,,,,,,,,,,,,,,,,,,,
,,,,,,,,,,,,,,,,,,,,,,,,,,,,,Ansa macrolides                            0.014304100,,,,,,,,Other Octadecanoids                        1.0023686,,,,,,,,,,,,,,,,,,,,,,,,,,,,,,,,,,,,,,,,,,,,,,,,,,,,,,,,,,,,,,,,,,,,,,,,,,,,,,,,,
,,,,,,,,,,,,,,,,,,,,,,,,,,,,,Anthraquinones and anthrones               0.005466083,,,,,,,,Daphnane diterpenoids                      0.8630474,,,,,,,,,,,,,,,,,,,,,,,,,,,,,,,,,,,,,,,,,,,,,,,,,,,,,,,,,,,,,,,,,,,,,,,,,,,,,,,,,
,,,,,,,,,,,,,,,,,,,,,,,,,,,,,Branched fatty acids                       0.033183255,,,,,,,,Straight chain fatty acids                 0.8229789,,,,,,,,,,,,,,,,,,,,,,,,,,,,,,,,,,,,,,,,,,,,,,,,,,,,,,,,,,,,,,,,,,,,,,,,,,,,,,,,,
,,,,,,,,,,,,,,,,,,,,,,,,,,,,,Carboline alkaloids                        0.013356969,,,,,,,,Halimane diterpenoids                      0.7695549,,,,,,,,,,,,,,,,,,,,,,,,,,,,,,,,,,,,,,,,,,,,,,,,,,,,,,,,,,,,,,,,,,,,,,,,,,,,,,,,,
,,,,,,,,,,,,,,,,,,,,,,,,,,,,,Cyclolaurane sesquiterpenoids              0.001268912,,,,,,,,Lactarane sesquiterpenoids                 0.7670466,,,,,,,,,,,,,,,,,,,,,,,,,,,,,,,,,,,,,,,,,,,,,,,,,,,,,,,,,,,,,,,,,,,,,,,,,,,,,,,,,
,,,,,,,,,,,,,,,,,,,,,,,,,,,,,Daphnane diterpenoids                      0.001268912,,,,,,,,Purine nucleosides                         0.7659805,,,,,,,,,,,,,,,,,,,,,,,,,,,,,,,,,,,,,,,,,,,,,,,,,,,,,,,,,,,,,,,,,,,,,,,,,,,,,,,,,
,,,,,,,,,,,,,,,,,,,,,,,,,,,,,Elemane sesquiterpenoids                   0.011345567,,,,,,,,Cyclolaurane sesquiterpenoids              0.7153172,,,,,,,,,,,,,,,,,,,,,,,,,,,,,,,,,,,,,,,,,,,,,,,,,,,,,,,,,,,,,,,,,,,,,,,,,,,,,,,,,
,,,,,,,,,,,,,,,,,,,,,,,,,,,,,Halimane diterpenoids                      0.001268912,,,,,,,,Phthalide derivatives                      0.6917051,,,,,,,,,,,,,,,,,,,,,,,,,,,,,,,,,,,,,,,,,,,,,,,,,,,,,,,,,,,,,,,,,,,,,,,,,,,,,,,,,
,,,,,,,,,,,,,,,,,,,,,,,,,,,,,Halogenated fatty acids                    0.025581268,,,,,,,,Hydroxy-hydroperoxyeicosapentaenoic acids  0.6694754,,,,,,,,,,,,,,,,,,,,,,,,,,,,,,,,,,,,,,,,,,,,,,,,,,,,,,,,,,,,,,,,,,,,,,,,,,,,,,,,,
,,,,,,,,,,,,,,,,,,,,,,,,,,,,,Hydroxy fatty acids                        0.027553520,,,,,,,,Isocoumarins                               0.6604609,,,,,,,,,,,,,,,,,,,,,,,,,,,,,,,,,,,,,,,,,,,,,,,,,,,,,,,,,,,,,,,,,,,,,,,,,,,,,,,,,
,,,,,,,,,,,,,,,,,,,,,,,,,,,,,Hydroxy-hydroperoxyeicosapentaenoic acids  0.001268912,,,,,,,,Abietane diterpenoids                      0.5771899,,,,,,,,,,,,,,,,,,,,,,,,,,,,,,,,,,,,,,,,,,,,,,,,,,,,,,,,,,,,,,,,,,,,,,,,,,,,,,,,,
,,,,,,,,,,,,,,,,,,,,,,,,,,,,,Hydroxy-hydroperoxyeicosatetraenoic acids  0.013704251,,,,,,,,Anthraquinones and anthrones               0.5323284,,,,,,,,,,,,,,,,,,,,,,,,,,,,,,,,,,,,,,,,,,,,,,,,,,,,,,,,,,,,,,,,,,,,,,,,,,,,,,,,,
,,,,,,,,,,,,,,,,,,,,,,,,,,,,,Isocoumarins                               0.002537824,,,,,,,,Unsaturated fatty acids                    0.4870918,,,,,,,,,,,,,,,,,,,,,,,,,,,,,,,,,,,,,,,,,,,,,,,,,,,,,,,,,,,,,,,,,,,,,,,,,,,,,,,,,
,,,,,,,,,,,,,,,,,,,,,,,,,,,,,Isoprostanes                               0.039306456,,,,,,,,Oleanane triterpenoids                     0.4839274,,,,,,,,,,,,,,,,,,,,,,,,,,,,,,,,,,,,,,,,,,,,,,,,,,,,,,,,,,,,,,,,,,,,,,,,,,,,,,,,,
,,,,,,,,,,,,,,,,,,,,,,,,,,,,,Labdane diterpenoids                       0.033183255,,,,,,,,Pulvinones                                 0.4806328,,,,,,,,,,,,,,,,,,,,,,,,,,,,,,,,,,,,,,,,,,,,,,,,,,,,,,,,,,,,,,,,,,,,,,,,,,,,,,,,,
,,,,,,,,,,,,,,,,,,,,,,,,,,,,,Lactarane sesquiterpenoids                 0.001268912,,,,,,,,Polyamines                                 0.4138071,,,,,,,,,,,,,,,,,,,,,,,,,,,,,,,,,,,,,,,,,,,,,,,,,,,,,,,,,,,,,,,,,,,,,,,,,,,,,,,,,
,,,,,,,,,,,,,,,,,,,,,,,,,,,,,Limonoids                                  0.001268912,,,,,,,,Hydroxy-hydroperoxyeicosatetraenoic acids  0.4120305,,,,,,,,,,,,,,,,,,,,,,,,,,,,,,,,,,,,,,,,,,,,,,,,,,,,,,,,,,,,,,,,,,,,,,,,,,,,,,,,,
,,,,,,,,,,,,,,,,,,,,,,,,,,,,,Lupane triterpenoids                       0.024274840,,,,,,,,Ansa macrolides                            0.4001642,,,,,,,,,,,,,,,,,,,,,,,,,,,,,,,,,,,,,,,,,,,,,,,,,,,,,,,,,,,,,,,,,,,,,,,,,,,,,,,,,
,,,,,,,,,,,,,,,,,,,,,,,,,,,,,Monoalkylresorcinols                       0.028762008,,,,,,,,Simple indole alkaloids                    0.3993065,,,,,,,,,,,,,,,,,,,,,,,,,,,,,,,,,,,,,,,,,,,,,,,,,,,,,,,,,,,,,,,,,,,,,,,,,,,,,,,,,
,,,,,,,,,,,,,,,,,,,,,,,,,,,,,Oleanane triterpenoids                     0.008247929,,,,,,,,Carboline alkaloids                        0.3673345,,,,,,,,,,,,,,,,,,,,,,,,,,,,,,,,,,,,,,,,,,,,,,,,,,,,,,,,,,,,,,,,,,,,,,,,,,,,,,,,,
,,,,,,,,,,,,,,,,,,,,,,,,,,,,,Oligomeric phloroglucinols (phlorotannins) 0.031436274,,,,,,,,Elemane sesquiterpenoids                   0.3648399,,,,,,,,,,,,,,,,,,,,,,,,,,,,,,,,,,,,,,,,,,,,,,,,,,,,,,,,,,,,,,,,,,,,,,,,,,,,,,,,,
,,,,,,,,,,,,,,,,,,,,,,,,,,,,,Other Octadecanoids                        0.001268912,,,,,,,,Hydroxy fatty acids                        0.3305047,,,,,,,,,,,,,,,,,,,,,,,,,,,,,,,,,,,,,,,,,,,,,,,,,,,,,,,,,,,,,,,,,,,,,,,,,,,,,,,,,
,,,,,,,,,,,,,,,,,,,,,,,,,,,,,Oxygenated hydrocarbons                    0.028762008,,,,,,,,Lupane triterpenoids                       0.3275690,,,,,,,,,,,,,,,,,,,,,,,,,,,,,,,,,,,,,,,,,,,,,,,,,,,,,,,,,,,,,,,,,,,,,,,,,,,,,,,,,
,,,,,,,,,,,,,,,,,,,,,,,,,,,,,Phenylalanine-derived alkaloids            0.025378242,,,,,,,,Halogenated fatty acids                    0.3251237,,,,,,,,,,,,,,,,,,,,,,,,,,,,,,,,,,,,,,,,,,,,,,,,,,,,,,,,,,,,,,,,,,,,,,,,,,,,,,,,,
,,,,,,,,,,,,,,,,,,,,,,,,,,,,,Phthalide derivatives                      0.002537824,,,,,,,,Phenylalanine-derived alkaloids            0.3167288,,,,,,,,,,,,,,,,,,,,,,,,,,,,,,,,,,,,,,,,,,,,,,,,,,,,,,,,,,,,,,,,,,,,,,,,,,,,,,,,,
,,,,,,,,,,,,,,,,,,,,,,,,,,,,,Polyamines                                 0.014018458,,,,,,,,Oxygenated hydrocarbons                    0.3133269,,,,,,,,,,,,,,,,,,,,,,,,,,,,,,,,,,,,,,,,,,,,,,,,,,,,,,,,,,,,,,,,,,,,,,,,,,,,,,,,,
,,,,,,,,,,,,,,,,,,,,,,,,,,,,,Prenyl quinone meroterpenoids              0.033183255,,,,,,,,Monoalkylresorcinols                       0.3012377,,,,,,,,,,,,,,,,,,,,,,,,,,,,,,,,,,,,,,,,,,,,,,,,,,,,,,,,,,,,,,,,,,,,,,,,,,,,,,,,,
,,,,,,,,,,,,,,,,,,,,,,,,,,,,,Primary amides                             0.033183255,,,,,,,,Simple coumarins                           0.2912535,,,,,,,,,,,,,,,,,,,,,,,,,,,,,,,,,,,,,,,,,,,,,,,,,,,,,,,,,,,,,,,,,,,,,,,,,,,,,,,,,
,,,,,,,,,,,,,,,,,,,,,,,,,,,,,Pulvinones                                 0.005800741,,,,,,,,Terpenoid alkaloids                        0.2911063,,,,,,,,,,,,,,,,,,,,,,,,,,,,,,,,,,,,,,,,,,,,,,,,,,,,,,,,,,,,,,,,,,,,,,,,,,,,,,,,,
,,,,,,,,,,,,,,,,,,,,,,,,,,,,,Purine nucleosides                         0.001268912,,,,,,,,Oligomeric phloroglucinols (phlorotannins) 0.2909222,,,,,,,,,,,,,,,,,,,,,,,,,,,,,,,,,,,,,,,,,,,,,,,,,,,,,,,,,,,,,,,,,,,,,,,,,,,,,,,,,
,,,,,,,,,,,,,,,,,,,,,,,,,,,,,Simple aromatic polyketides                0.027553520,,,,,,,,Simple aromatic polyketides                0.2896551,,,,,,,,,,,,,,,,,,,,,,,,,,,,,,,,,,,,,,,,,,,,,,,,,,,,,,,,,,,,,,,,,,,,,,,,,,,,,,,,,
,,,,,,,,,,,,,,,,,,,,,,,,,,,,,Simple coumarins                           0.027553520,,,,,,,,Labdane diterpenoids                       0.2831255,,,,,,,,,,,,,,,,,,,,,,,,,,,,,,,,,,,,,,,,,,,,,,,,,,,,,,,,,,,,,,,,,,,,,,,,,,,,,,,,,
,,,,,,,,,,,,,,,,,,,,,,,,,,,,,Simple indole alkaloids                    0.013356969,,,,,,,,Isoprostanes                               0.2797071,,,,,,,,,,,,,,,,,,,,,,,,,,,,,,,,,,,,,,,,,,,,,,,,,,,,,,,,,,,,,,,,,,,,,,,,,,,,,,,,,
,,,,,,,,,,,,,,,,,,,,,,,,,,,,,Straight chain fatty acids                 0.002537824,,,,,,,,Branched fatty acids                       0.2719610,,,,,,,,,,,,,,,,,,,,,,,,,,,,,,,,,,,,,,,,,,,,,,,,,,,,,,,,,,,,,,,,,,,,,,,,,,,,,,,,,
,,,,,,,,,,,,,,,,,,,,,,,,,,,,,Terpenoid alkaloids                        0.035846109,,,,,,,,Primary amides                             0.2692867,,,,,,,,,,,,,,,,,,,,,,,,,,,,,,,,,,,,,,,,,,,,,,,,,,,,,,,,,,,,,,,,,,,,,,,,,,,,,,,,,
,,,,,,,,,,,,,,,,,,,,,,,,,,,,,Unsaturated fatty acids                    0.006090778,,,,,,,,Prenyl quinone meroterpenoids              0.2523667,,,,,,,,,,,,,,,,,,,,,,,,,,,,,,,,,,,,,,,,,,,,,,,,,,,,,,,,,,,,,,,,,,,,,,,,,,,,,,,,,
,,,,,,,,,,,,,,,,,,,,,,,,,,,,,> dim(significant_covwaterTemp_Site_otu_q_omni3_valuesf2),,,,,,,,Aminosugars                                0.2426052,,,,,,,,,,,,,,,,,,,,,,,,,,,,,,,,,,,,,,,,,,,,,,,,,,,,,,,,,,,,,,,,,,,,,,,,,,,,,,,,,
,,,,,,,,,,,,,,,,,,,,,,,,,,,,,[1] 0 1,,,,,,,,,,,,,,,,,,,,,,,,,,,,,,,,,,,,,,,,,,,,,,,,,,,,,,,,,,,,,,,,,,,,,,,,,,,,,,,,,,,,,,,,,
,,,,,,,,,,,,,,,,,,,,,,,,,,,,,> print(significant_covwaterTemp_Site_otu_q_omni3_valuesf2),,,,,,,,,,,,,,,,,,,,,,,,,,,,,,,,,,,,,,,,,,,,,,,,,,,,,,,,,,,,,,,,,,,,,,,,,,,,,,,,,,,,,,,,,
,,,,,,,,,,,,,,,,,,,,,,,,,,,,,[1] cov4,,,,,,,,,,,,,,,,,,,,,,,,,,,,,,,,,,,,,,,,,,,,,,,,,,,,,,,,,,,,,,,,,,,,,,,,,,,,,,,,,,,,,,,,,
,,,,,,,,,,,,,,,,,,,,,,,,,,,,,<0 rows> (or 0-length row.names),,,,,,,,,,,,,,,,,,,,,,,,,,,,,,,,,,,,,,,,,,,,,,,,,,,,,,,,,,,,,,,,,,,,,,,,,,,,,,,,,,,,,,,,,
,,,,,,,,,,,,,,,,,,,,,,,,,,,,,> dim(significant_covwaterTemp_Site_otu_q_omni3_valuesf2),,,,,,,,,,,,,,,,,,,,,,,,,,,,,,,,,,,,,,,,,,,,,,,,,,,,,,,,,,,,,,,,,,,,,,,,,,,,,,,,,,,,,,,,,
,,,,,,,,,,,,,,,,,,,,,,,,,,,,,[1] 0 1,,,,,,,,,,,,,,,,,,,,,,,,,,,,,,,,,,,,,,,,,,,,,,,,,,,,,,,,,,,,,,,,,,,,,,,,,,,,,,,,,,,,,,,,,
,,,,,,,,,,,,,,,,,,,,,,,,,,,,,> print(significant_covwaterTemp_Site_otu_q_omni3_valuesf2),,,,,,,,,,,,,,,,,,,,,,,,,,,,,,,,,,,,,,,,,,,,,,,,,,,,,,,,,,,,,,,,,,,,,,,,,,,,,,,,,,,,,,,,,
,,,,,,,,,,,,,,,,,,,,,,,,,,,,,[1] cov4,,,,,,,,,,,,,,,,,,,,,,,,,,,,,,,,,,,,,,,,,,,,,,,,,,,,,,,,,,,,,,,,,,,,,,,,,,,,,,,,,,,,,,,,,
,,,,,,,,,,,,,,,,,,,,,,,,,,,,,<0 rows> (or 0-length row.names),,,,,,,,,,,,,,,,,,,,,,,,,,,,,,,,,,,,,,,,,,,,,,,,,,,,,,,,,,,,,,,,,,,,,,,,,,,,,,,,,,,,,,,,,
,,,,,,,,,,,,,,,,,,,,,,,,,,,,,> dim(significant_covtypefraction_Site_otu_q_omni3_valuesf2),,,,,,,,,,,,,,,,,,,,,,,,,,,,,,,,,,,,,,,,,,,,,,,,,,,,,,,,,,,,,,,,,,,,,,,,,,,,,,,,,,,,,,,,,
,,,,,,,,,,,,,,,,,,,,,,,,,,,,,[1] 0 1,,,,,,,,,,,,,,,,,,,,,,,,,,,,,,,,,,,,,,,,,,,,,,,,,,,,,,,,,,,,,,,,,,,,,,,,,,,,,,,,,,,,,,,,,
,,,,,,,,,,,,,,,,,,,,,,,,,,,,,> print(significant_covtypefraction_Site_otu_q_omni3_valuesf2),,,,,,,,,,,,,,,,,,,,,,,,,,,,,,,,,,,,,,,,,,,,,,,,,,,,,,,,,,,,,,,,,,,,,,,,,,,,,,,,,,,,,,,,,
,,,,,,,,,,,,,,,,,,,,,,,,,,,,,[1] cov5,,,,,,,,,,,,,,,,,,,,,,,,,,,,,,,,,,,,,,,,,,,,,,,,,,,,,,,,,,,,,,,,,,,,,,,,,,,,,,,,,,,,,,,,,
,,,,,,,,,,,,,,,,,,,,,,,,,,,,,<0 rows> (or 0-length row.names),,,,,,,,,,,,,,,,,,,,,,,,,,,,,,,,,,,,,,,,,,,,,,,,,,,,,,,,,,,,,,,,,,,,,,,,,,,,,,,,,,,,,,,,,
,,,,,,,,,,,,,,,,,,,,,,,,,,,,,> dim(significant_covwaterTemp_typefraction_otu_q_omni3_valuesf2),,,,,,,,,,,,,,,,,,,,,,,,,,,,,,,,,,,,,,,,,,,,,,,,,,,,,,,,,,,,,,,,,,,,,,,,,,,,,,,,,,,,,,,,,
,,,,,,,,,,,,,,,,,,,,,,,,,,,,,[1] 0 1,,,,,,,,,,,,,,,,,,,,,,,,,,,,,,,,,,,,,,,,,,,,,,,,,,,,,,,,,,,,,,,,,,,,,,,,,,,,,,,,,,,,,,,,,
,,,,,,,,,,,,,,,,,,,,,,,,,,,,,> print(significant_covwaterTemp_typefraction_otu_q_omni3_valuesf2),,,,,,,,,,,,,,,,,,,,,,,,,,,,,,,,,,,,,,,,,,,,,,,,,,,,,,,,,,,,,,,,,,,,,,,,,,,,,,,,,,,,,,,,,
,,,,,,,,,,,,,,,,,,,,,,,,,,,,,[1] cov6,,,,,,,,,,,,,,,,,,,,,,,,,,,,,,,,,,,,,,,,,,,,,,,,,,,,,,,,,,,,,,,,,,,,,,,,,,,,,,,,,,,,,,,,,
,,,,,,,,,,,,,,,,,,,,,,,,,,,,,<0 rows> (or 0-length row.names),,,,,,,,,,,,,,,,,,,,,,,,,,,,,,,,,,,,,,,,,,,,,,,,,,,,,,,,,,,,,,,,,,,,,,,,,,,,,,,,,,,,,,,,,
,,,,,,,,,,,,,,,,,,,,,,,,,,,,,,,,,,,,,,,,,,,,,,,,,,,,,,,,,,,,,,,,,,,,,,,,,,,,,,,,,,,,,,,,,,,,,,,,,,,,,,,,,,,,,,,,,,,,,,
,,,,,,,,,,,,,,,,,,,,,,,,,,,,,>,,,,,,,,,,,,,,,,,,,,,,,,,,,,,,,,,,,,,,,,,,,,,,,,,,,,,,,,,,,,,,,,,,,,,,,,,,,,,,,,,,,,,,,,,
